client_id,month,equity_pct,bonds_pct,crypto_pct,volatility,return,risk_level
C0001,2024-01,58.52,29.96,11.52,11.39,0.0651,Medium
C0001,2024-02,31.74,55.0,13.26,11.41,0.0538,Medium
C0001,2024-03,51.24,46.49,2.27,14.73,0.0376,Medium
C0001,2024-04,35.46,60.16,4.38,8.74,0.0672,Medium
C0001,2024-05,45.74,46.64,7.62,8.62,0.0358,Medium
C0001,2024-06,38.77,54.47,6.76,10.1,0.067,Medium
C0001,2024-07,53.55,41.85,4.6,10.63,0.0449,Medium
C0001,2024-08,48.22,47.56,4.22,6.59,0.0614,Medium
C0001,2024-09,58.47,26.98,14.55,13.28,0.0528,Medium
C0001,2024-10,50.53,41.75,7.72,7.1,0.0583,Medium
C0001,2024-11,44.85,52.7,2.45,14.18,0.0904,Medium
C0001,2024-12,39.35,51.89,8.76,10.92,0.0202,Medium
C0002,2024-01,34.24,61.88,3.88,7.64,0.0568,Low
C0002,2024-02,33.05,66.51,0.44,3.18,0.0555,Low
C0002,2024-03,11.13,87.24,1.63,4.33,0.0476,Low
C0002,2024-04,18.92,79.68,1.4,5.26,0.0326,Low
C0002,2024-05,13.52,82.47,4.01,2.45,0.0459,Low
C0002,2024-06,28.22,67.92,3.86,2.44,0.0552,Low
C0002,2024-07,18.96,80.46,0.58,7.18,0.0077,Low
C0002,2024-08,11.59,86.86,1.55,3.95,0.0507,Low
C0002,2024-09,28.24,68.57,3.19,7.32,0.0252,Low
C0002,2024-10,27.84,68.36,3.8,5.37,0.0473,Low
C0002,2024-11,29.27,68.26,2.47,5.14,0.0415,Low
C0002,2024-12,12.69,87.15,0.16,5.82,0.0355,Low
C0003,2024-01,45.26,40.94,13.8,8.24,0.1057,Medium
C0003,2024-02,36.86,60.14,3.0,8.61,0.0386,Medium
C0003,2024-03,34.83,51.08,14.09,13.27,0.1008,Medium
C0003,2024-04,54.11,41.46,4.43,14.03,0.0762,Medium
C0003,2024-05,46.18,41.32,12.5,14.06,0.0385,Medium
C0003,2024-06,36.84,55.61,7.55,13.36,0.0443,Medium
C0003,2024-07,55.82,42.09,2.09,10.6,0.0154,Medium
C0003,2024-08,33.59,60.02,6.39,14.49,0.0362,Medium
C0003,2024-09,39.7,51.56,8.74,12.33,0.0699,Medium
C0003,2024-10,58.88,35.85,5.27,10.48,0.0634,Medium
C0003,2024-11,39.03,55.27,5.7,6.33,0.0575,Medium
C0003,2024-12,31.55,62.83,5.62,14.17,0.1572,Medium
C0004,2024-01,13.62,83.93,2.45,7.91,0.058,Low
C0004,2024-02,29.04,69.77,1.19,6.37,0.024,Low
C0004,2024-03,19.2,77.64,3.16,5.8,0.0281,Low
C0004,2024-04,30.89,67.51,1.6,3.12,0.0481,Low
C0004,2024-05,11.02,86.03,2.95,6.07,0.0392,Low
C0004,2024-06,15.66,81.11,3.23,3.05,0.0384,Low
C0004,2024-07,27.28,70.79,1.93,7.62,0.0371,Low
C0004,2024-08,12.84,82.54,4.62,7.26,0.0227,Low
C0004,2024-09,16.45,80.25,3.3,6.9,0.0704,Low
C0004,2024-10,16.04,83.49,0.47,7.38,0.0948,Low
C0004,2024-11,32.51,64.32,3.17,4.03,0.0658,Low
C0004,2024-12,32.42,63.14,4.44,6.68,0.0342,Low
C0005,2024-01,32.53,63.37,4.1,14.09,0.0636,Medium
C0005,2024-02,30.15,65.76,4.09,10.94,0.0265,Medium
C0005,2024-03,50.75,38.77,10.48,8.02,0.0445,Medium
C0005,2024-04,39.77,48.53,11.7,11.85,0.0919,Medium
C0005,2024-05,55.48,33.97,10.55,11.11,0.0622,Medium
C0005,2024-06,37.96,56.87,5.17,14.76,0.0218,Medium
C0005,2024-07,41.79,44.61,13.6,11.68,0.0677,Medium
C0005,2024-08,47.31,44.29,8.4,7.76,0.0976,Medium
C0005,2024-09,51.67,42.68,5.65,6.22,0.0426,Medium
C0005,2024-10,58.21,27.39,14.4,14.23,0.097,Medium
C0005,2024-11,41.11,56.69,2.2,14.35,0.0736,Medium
C0005,2024-12,58.91,28.0,13.09,8.65,0.0733,Medium
C0006,2024-01,55.53,38.35,6.12,7.53,0.0812,Medium
C0006,2024-02,50.88,39.71,9.41,6.87,0.0686,Medium
C0006,2024-03,48.45,36.68,14.87,7.26,0.0951,Medium
C0006,2024-04,52.22,36.72,11.06,12.32,0.0713,Medium
C0006,2024-05,40.78,53.4,5.82,13.28,0.0695,Medium
C0006,2024-06,57.39,33.96,8.65,10.51,0.0772,Medium
C0006,2024-07,53.95,35.6,10.45,12.32,0.0781,Medium
C0006,2024-08,40.14,52.98,6.88,6.85,0.0619,Medium
C0006,2024-09,47.35,50.18,2.47,10.19,0.002,Medium
C0006,2024-10,47.72,49.88,2.4,6.34,0.0635,Medium
C0006,2024-11,54.68,38.64,6.68,7.14,0.0988,Medium
C0006,2024-12,36.47,53.43,10.1,6.77,0.063,Medium
C0007,2024-01,23.29,74.01,2.7,5.82,0.0095,Low
C0007,2024-02,29.88,68.77,1.35,4.63,0.0491,Low
C0007,2024-03,11.96,87.91,0.13,7.78,0.0479,Low
C0007,2024-04,20.22,78.91,0.87,2.94,0.0488,Low
C0007,2024-05,16.25,81.0,2.75,6.29,0.0176,Low
C0007,2024-06,33.87,62.44,3.69,5.33,0.066,Low
C0007,2024-07,25.29,72.61,2.1,3.49,0.0584,Low
C0007,2024-08,10.36,89.06,0.58,2.28,0.031,Low
C0007,2024-09,11.02,84.7,4.28,6.22,0.0233,Low
C0007,2024-10,22.29,75.34,2.37,3.04,0.0434,Low
C0007,2024-11,20.85,77.16,1.99,5.7,0.0353,Low
C0007,2024-12,19.36,77.51,3.13,5.02,0.0454,Low
C0008,2024-01,63.05,23.69,13.26,13.27,0.0694,High
C0008,2024-02,60.51,10.69,28.8,22.36,0.0989,High
C0008,2024-03,53.58,23.55,22.87,20.25,0.126,High
C0008,2024-04,53.52,17.26,29.22,28.3,0.0978,High
C0008,2024-05,46.85,41.76,11.39,13.81,0.0469,High
C0008,2024-06,51.16,21.94,26.9,12.42,0.0956,High
C0008,2024-07,68.5,15.86,15.64,14.13,0.1234,High
C0008,2024-08,70.71,4.59,24.7,26.46,0.2103,High
C0008,2024-09,49.87,36.58,13.55,25.51,-0.0656,High
C0008,2024-10,67.17,16.01,16.82,28.75,-0.0215,High
C0008,2024-11,70.04,11.38,18.58,25.52,0.0561,High
C0008,2024-12,71.58,8.31,20.11,26.88,0.111,High
C0009,2024-01,56.87,36.07,7.06,6.1,0.0728,Medium
C0009,2024-02,58.52,32.03,9.45,11.69,0.066,Medium
C0009,2024-03,43.46,50.73,5.81,8.96,0.0898,Medium
C0009,2024-04,53.74,33.99,12.27,6.82,0.0878,Medium
C0009,2024-05,44.83,52.42,2.75,10.95,0.0877,Medium
C0009,2024-06,40.53,55.95,3.52,7.29,0.0513,Medium
C0009,2024-07,52.84,37.12,10.04,6.91,0.0735,Medium
C0009,2024-08,32.19,55.13,12.68,12.36,0.0425,Medium
C0009,2024-09,32.44,64.46,3.1,14.88,-0.0147,Medium
C0009,2024-10,54.39,31.3,14.31,14.87,0.0116,Medium
C0009,2024-11,52.6,40.51,6.89,6.75,0.0709,Medium
C0009,2024-12,42.73,43.49,13.78,7.0,0.0989,Medium
C0010,2024-01,30.34,61.57,8.09,6.51,0.0797,Medium
C0010,2024-02,47.5,37.99,14.51,9.37,0.0928,Medium
C0010,2024-03,38.57,48.14,13.29,8.01,0.0669,Medium
C0010,2024-04,59.79,37.25,2.96,10.98,0.0958,Medium
C0010,2024-05,59.08,32.12,8.8,11.66,0.055,Medium
C0010,2024-06,48.82,41.58,9.6,14.11,0.1447,Medium
C0010,2024-07,31.37,62.98,5.65,14.55,0.0476,Medium
C0010,2024-08,48.6,45.79,5.61,7.69,0.0836,Medium
C0010,2024-09,43.91,49.5,6.59,11.25,-0.0047,Medium
C0010,2024-10,54.42,34.68,10.9,7.46,0.0784,Medium
C0010,2024-11,57.33,29.98,12.69,14.55,0.1063,Medium
C0010,2024-12,42.54,43.33,14.13,13.79,0.1293,Medium
C0011,2024-01,10.66,87.46,1.88,6.86,0.0023,Low
C0011,2024-02,34.25,61.54,4.21,7.03,0.0807,Low
C0011,2024-03,21.72,76.21,2.07,3.64,0.0434,Low
C0011,2024-04,29.23,66.05,4.72,7.1,0.0513,Low
C0011,2024-05,16.19,81.56,2.25,2.77,0.0418,Low
C0011,2024-06,15.71,80.93,3.36,5.71,0.0507,Low
C0011,2024-07,18.95,80.48,0.57,6.03,0.0682,Low
C0011,2024-08,23.0,72.74,4.26,5.31,0.0485,Low
C0011,2024-09,24.03,71.59,4.38,4.42,0.0558,Low
C0011,2024-10,27.61,71.33,1.06,2.82,0.0567,Low
C0011,2024-11,10.37,87.88,1.75,5.54,0.0176,Low
C0011,2024-12,32.61,65.65,1.74,5.08,0.0173,Low
C0012,2024-01,53.88,23.68,22.44,27.52,0.0827,High
C0012,2024-02,49.04,31.78,19.18,29.64,0.1484,High
C0012,2024-03,57.24,26.18,16.58,23.4,0.0699,High
C0012,2024-04,44.51,42.93,12.56,14.73,0.064,High
C0012,2024-05,44.86,32.32,22.82,15.27,0.1141,High
C0012,2024-06,56.59,20.06,23.35,15.1,0.0731,High
C0012,2024-07,46.73,42.45,10.82,15.04,0.0296,High
C0012,2024-08,43.11,44.48,12.41,20.29,0.0324,High
C0012,2024-09,47.22,35.49,17.29,21.06,0.0679,High
C0012,2024-10,67.98,9.46,22.56,13.47,0.0928,High
C0012,2024-11,70.57,1.01,28.42,13.1,0.1328,High
C0012,2024-12,66.19,20.12,13.69,15.77,0.0502,High
C0013,2024-01,44.53,45.43,10.04,9.32,0.1103,Medium
C0013,2024-02,31.1,63.62,5.28,12.42,0.0426,Medium
C0013,2024-03,56.86,34.49,8.65,10.79,0.0647,Medium
C0013,2024-04,45.98,48.87,5.15,8.42,0.035,Medium
C0013,2024-05,41.32,56.42,2.26,8.9,0.0361,Medium
C0013,2024-06,33.59,52.83,13.58,11.34,0.0263,Medium
C0013,2024-07,50.37,37.37,12.26,10.49,0.0723,Medium
C0013,2024-08,47.61,40.7,11.69,9.88,0.0423,Medium
C0013,2024-09,33.83,60.48,5.69,9.27,0.0795,Medium
C0013,2024-10,40.69,44.49,14.82,11.45,0.1337,Medium
C0013,2024-11,37.12,59.56,3.32,7.38,0.0381,Medium
C0013,2024-12,35.59,58.7,5.71,7.56,0.0436,Medium
C0014,2024-01,42.81,36.7,20.49,19.39,0.0987,High
C0014,2024-02,70.29,3.37,26.34,16.64,0.0925,High
C0014,2024-03,45.98,30.65,23.37,28.73,0.2571,High
C0014,2024-04,49.8,24.81,25.39,15.37,0.16,High
C0014,2024-05,51.33,30.16,18.51,21.14,0.0488,High
C0014,2024-06,61.37,22.86,15.77,22.46,0.0589,High
C0014,2024-07,45.41,34.97,19.62,21.59,0.0666,High
C0014,2024-08,44.7,44.03,11.27,29.82,0.0294,High
C0014,2024-09,51.28,22.52,26.2,16.58,0.1421,High
C0014,2024-10,60.85,19.72,19.43,19.41,0.1287,High
C0014,2024-11,52.21,19.2,28.59,26.95,0.1041,High
C0014,2024-12,46.34,42.33,11.33,25.34,0.0736,High
C0015,2024-01,55.25,40.93,3.82,13.16,0.043,Medium
C0015,2024-02,34.93,52.48,12.59,11.99,0.047,Medium
C0015,2024-03,45.7,47.64,6.66,13.89,0.1109,Medium
C0015,2024-04,43.17,49.93,6.9,10.16,0.0474,Medium
C0015,2024-05,39.04,49.24,11.72,10.52,0.0739,Medium
C0015,2024-06,41.51,49.42,9.07,14.16,0.0523,Medium
C0015,2024-07,48.73,47.75,3.52,14.46,-0.0056,Medium
C0015,2024-08,34.18,53.5,12.32,11.58,0.1016,Medium
C0015,2024-09,46.0,40.38,13.62,13.1,0.0513,Medium
C0015,2024-10,37.46,50.87,11.67,6.3,0.0467,Medium
C0015,2024-11,47.1,40.99,11.91,13.89,0.1111,Medium
C0015,2024-12,33.32,53.68,13.0,7.15,0.0513,Medium
C0016,2024-01,53.92,42.13,3.95,8.06,0.085,Medium
C0016,2024-02,49.24,39.74,11.02,10.88,0.0996,Medium
C0016,2024-03,37.56,55.95,6.49,7.63,0.0605,Medium
C0016,2024-04,42.02,49.97,8.01,14.53,0.097,Medium
C0016,2024-05,34.6,55.78,9.62,10.55,0.0524,Medium
C0016,2024-06,56.16,29.72,14.12,11.09,0.0766,Medium
C0016,2024-07,50.9,35.11,13.99,12.37,0.0815,Medium
C0016,2024-08,48.21,44.28,7.51,12.63,0.0199,Medium
C0016,2024-09,58.03,27.94,14.03,10.06,0.1525,Medium
C0016,2024-10,41.97,55.32,2.71,9.02,0.0684,Medium
C0016,2024-11,54.09,43.85,2.06,9.0,0.0825,Medium
C0016,2024-12,57.6,35.9,6.5,9.12,0.0031,Medium
C0017,2024-01,43.57,51.51,4.92,10.07,0.0503,Medium
C0017,2024-02,44.95,47.6,7.45,14.23,0.0498,Medium
C0017,2024-03,40.87,49.58,9.55,11.69,0.0525,Medium
C0017,2024-04,32.56,52.48,14.96,10.52,0.0293,Medium
C0017,2024-05,47.86,49.27,2.87,12.75,0.065,Medium
C0017,2024-06,36.15,59.37,4.48,6.33,0.0507,Medium
C0017,2024-07,44.16,46.5,9.34,6.59,0.0582,Medium
C0017,2024-08,45.73,46.54,7.73,9.61,0.1055,Medium
C0017,2024-09,46.79,49.19,4.02,7.64,0.026,Medium
C0017,2024-10,49.32,43.37,7.31,6.23,0.0489,Medium
C0017,2024-11,34.68,54.01,11.31,11.93,0.0867,Medium
C0017,2024-12,30.59,66.06,3.35,13.2,0.0046,Medium
C0018,2024-01,26.32,72.49,1.19,2.6,0.0509,Low
C0018,2024-02,31.39,64.46,4.15,4.38,0.0383,Low
C0018,2024-03,26.71,72.27,1.02,3.76,0.0257,Low
C0018,2024-04,32.31,63.6,4.09,4.05,0.0725,Low
C0018,2024-05,16.48,81.62,1.9,5.54,0.0531,Low
C0018,2024-06,20.24,77.0,2.76,4.62,0.0238,Low
C0018,2024-07,17.36,77.9,4.74,6.58,0.0636,Low
C0018,2024-08,29.99,67.88,2.13,2.13,0.0474,Low
C0018,2024-09,16.72,80.57,2.71,5.8,0.0308,Low
C0018,2024-10,30.88,64.2,4.92,5.15,0.0449,Low
C0018,2024-11,14.29,84.35,1.36,2.11,0.0285,Low
C0018,2024-12,23.85,72.89,3.26,6.98,0.0574,Low
C0019,2024-01,10.28,89.04,0.68,7.4,0.0416,Low
C0019,2024-02,25.01,71.66,3.33,3.05,0.0555,Low
C0019,2024-03,32.86,65.05,2.09,4.3,0.0409,Low
C0019,2024-04,14.16,82.15,3.69,2.5,0.0417,Low
C0019,2024-05,25.08,73.69,1.23,4.34,0.032,Low
C0019,2024-06,27.97,70.54,1.49,5.4,0.0239,Low
C0019,2024-07,21.9,74.78,3.32,7.62,0.0253,Low
C0019,2024-08,10.78,87.91,1.31,5.57,0.0487,Low
C0019,2024-09,11.29,86.23,2.48,5.58,0.0579,Low
C0019,2024-10,12.66,86.96,0.38,6.37,0.0233,Low
C0019,2024-11,22.39,74.17,3.44,4.61,0.0551,Low
C0019,2024-12,29.99,66.54,3.47,3.63,0.043,Low
C0020,2024-01,40.83,55.98,3.19,14.26,-0.0022,Medium
C0020,2024-02,46.26,40.39,13.35,12.59,0.0606,Medium
C0020,2024-03,54.2,35.24,10.56,12.23,0.0531,Medium
C0020,2024-04,44.68,50.44,4.88,14.89,0.0865,Medium
C0020,2024-05,58.32,39.17,2.51,12.35,0.0925,Medium
C0020,2024-06,31.01,57.92,11.07,8.68,0.0623,Medium
C0020,2024-07,57.74,27.64,14.62,14.5,0.1255,Medium
C0020,2024-08,55.33,38.52,6.15,13.46,0.0618,Medium
C0020,2024-09,31.11,59.14,9.75,8.07,0.032,Medium
C0020,2024-10,51.74,45.41,2.85,8.84,0.0932,Medium
C0020,2024-11,46.18,41.54,12.28,8.87,0.0909,Medium
C0020,2024-12,48.47,46.5,5.03,6.22,0.0656,Medium
C0021,2024-01,40.75,31.76,27.49,21.52,0.05,High
C0021,2024-02,56.8,20.65,22.55,27.73,0.2027,High
C0021,2024-03,74.44,0.19,25.37,19.52,0.1902,High
C0021,2024-04,48.36,39.43,12.21,18.38,0.04,High
C0021,2024-05,50.05,34.02,15.93,16.2,0.0725,High
C0021,2024-06,53.45,22.96,23.59,15.93,0.0962,High
C0021,2024-07,73.25,1.02,25.73,13.61,0.1377,High
C0021,2024-08,73.06,7.59,19.35,23.04,0.075,High
C0021,2024-09,45.85,24.33,29.82,16.17,0.0968,High
C0021,2024-10,61.27,18.48,20.25,16.15,0.1088,High
C0021,2024-11,46.18,39.41,14.41,15.36,0.041,High
C0021,2024-12,42.03,28.59,29.38,27.91,0.1858,High
C0022,2024-01,74.82,11.7,13.48,19.13,0.1293,High
C0022,2024-02,45.38,28.3,26.32,16.04,0.1347,High
C0022,2024-03,47.83,31.43,20.74,22.67,0.0217,High
C0022,2024-04,70.71,13.98,15.31,14.33,0.0908,High
C0022,2024-05,70.95,0.0,29.05,27.52,0.1452,High
C0022,2024-06,59.28,28.98,11.74,19.35,0.1366,High
C0022,2024-07,53.04,31.76,15.2,25.02,0.0116,High
C0022,2024-08,47.7,28.63,23.67,13.37,0.0819,High
C0022,2024-09,69.8,10.3,19.9,20.65,0.1635,High
C0022,2024-10,52.17,24.27,23.56,22.18,0.1072,High
C0022,2024-11,49.35,23.08,27.57,26.35,0.1615,High
C0022,2024-12,70.35,5.48,24.17,27.07,0.1284,High
C0023,2024-01,50.41,39.55,10.04,12.77,0.0609,Medium
C0023,2024-02,40.05,48.28,11.67,7.45,0.0673,Medium
C0023,2024-03,54.54,32.64,12.82,10.57,0.0787,Medium
C0023,2024-04,48.95,45.67,5.38,11.71,0.0626,Medium
C0023,2024-05,46.2,41.66,12.14,6.96,0.0729,Medium
C0023,2024-06,58.89,34.67,6.44,11.69,0.1225,Medium
C0023,2024-07,57.96,38.71,3.33,14.44,0.0436,Medium
C0023,2024-08,39.03,49.76,11.21,6.61,0.0668,Medium
C0023,2024-09,47.46,46.04,6.5,11.59,0.0421,Medium
C0023,2024-10,52.75,44.93,2.32,6.2,0.0662,Medium
C0023,2024-11,39.71,51.94,8.35,12.93,0.0383,Medium
C0023,2024-12,38.21,46.83,14.96,9.84,0.1226,Medium
C0024,2024-01,34.91,52.76,12.33,12.24,0.1034,Medium
C0024,2024-02,38.2,47.44,14.36,7.36,0.0953,Medium
C0024,2024-03,42.97,42.76,14.27,9.78,0.0326,Medium
C0024,2024-04,38.23,46.98,14.79,9.68,0.1151,Medium
C0024,2024-05,56.82,38.19,4.99,7.92,0.0662,Medium
C0024,2024-06,41.05,45.71,13.24,10.26,0.0594,Medium
C0024,2024-07,59.05,36.54,4.41,13.82,0.0942,Medium
C0024,2024-08,55.35,32.76,11.89,11.64,0.0972,Medium
C0024,2024-09,33.94,63.64,2.42,14.29,0.1034,Medium
C0024,2024-10,44.44,52.03,3.53,7.13,0.067,Medium
C0024,2024-11,50.57,41.84,7.59,7.8,0.0471,Medium
C0024,2024-12,47.46,47.04,5.5,13.18,0.0598,Medium
C0025,2024-01,43.66,54.19,2.15,6.65,0.0454,Medium
C0025,2024-02,48.0,46.21,5.79,12.25,-0.0281,Medium
C0025,2024-03,55.8,32.06,12.14,6.36,0.054,Medium
C0025,2024-04,37.26,47.91,14.83,7.28,0.0654,Medium
C0025,2024-05,44.96,45.0,10.04,12.32,0.0564,Medium
C0025,2024-06,39.79,51.48,8.73,6.79,0.0609,Medium
C0025,2024-07,40.52,57.05,2.43,6.71,0.033,Medium
C0025,2024-08,47.03,42.01,10.96,13.21,0.0555,Medium
C0025,2024-09,36.0,59.82,4.18,6.94,0.0822,Medium
C0025,2024-10,30.95,54.88,14.17,6.47,0.0804,Medium
C0025,2024-11,46.24,42.54,11.22,13.84,0.1038,Medium
C0025,2024-12,40.19,47.22,12.59,6.72,0.078,Medium
C0026,2024-01,59.16,14.49,26.35,20.14,0.1154,High
C0026,2024-02,65.61,22.76,11.63,13.09,0.1625,High
C0026,2024-03,48.65,38.16,13.19,27.69,-0.0155,High
C0026,2024-04,67.64,9.19,23.17,20.97,0.0583,High
C0026,2024-05,59.44,16.18,24.38,16.11,0.0345,High
C0026,2024-06,63.81,24.75,11.44,12.55,0.0969,High
C0026,2024-07,49.02,31.73,19.25,27.63,0.1549,High
C0026,2024-08,54.89,28.19,16.92,18.68,0.1267,High
C0026,2024-09,74.57,14.63,10.8,27.61,-0.0491,High
C0026,2024-10,65.39,14.88,19.73,27.72,0.2528,High
C0026,2024-11,71.53,10.04,18.43,16.98,0.1287,High
C0026,2024-12,47.37,30.17,22.46,23.37,0.0932,High
C0027,2024-01,33.94,54.75,11.31,14.18,0.0371,Medium
C0027,2024-02,59.14,36.51,4.35,13.69,0.0372,Medium
C0027,2024-03,44.77,50.02,5.21,13.84,0.0907,Medium
C0027,2024-04,40.78,49.51,9.71,7.47,-0.0018,Medium
C0027,2024-05,41.73,43.67,14.6,8.32,0.0361,Medium
C0027,2024-06,53.21,43.09,3.7,14.73,0.1123,Medium
C0027,2024-07,43.61,51.32,5.07,6.66,0.0594,Medium
C0027,2024-08,40.11,47.11,12.78,9.88,0.0274,Medium
C0027,2024-09,37.46,52.52,10.02,12.36,0.0478,Medium
C0027,2024-10,31.1,57.33,11.57,11.97,0.0469,Medium
C0027,2024-11,44.24,42.79,12.97,13.25,0.1086,Medium
C0027,2024-12,36.18,60.37,3.45,8.43,0.0583,Medium
C0028,2024-01,23.28,72.04,4.68,2.24,0.0464,Low
C0028,2024-02,33.35,65.07,1.58,5.04,0.0329,Low
C0028,2024-03,11.04,88.22,0.74,7.92,0.0397,Low
C0028,2024-04,31.7,66.03,2.27,5.09,0.0555,Low
C0028,2024-05,22.23,74.44,3.33,2.84,0.0371,Low
C0028,2024-06,26.84,68.31,4.85,2.56,0.0542,Low
C0028,2024-07,26.81,70.97,2.22,7.21,0.0579,Low
C0028,2024-08,30.96,64.32,4.72,6.1,0.0344,Low
C0028,2024-09,22.43,74.48,3.09,7.21,0.0352,Low
C0028,2024-10,33.27,63.28,3.45,6.06,0.052,Low
C0028,2024-11,15.4,81.31,3.29,4.36,0.0316,Low
C0028,2024-12,26.44,68.56,5.0,2.29,0.0513,Low
C0029,2024-01,54.24,18.34,27.42,26.08,0.2163,High
C0029,2024-02,70.75,11.17,18.08,17.89,0.1114,High
C0029,2024-03,63.36,10.48,26.16,25.72,0.0701,High
C0029,2024-04,68.63,18.97,12.4,21.8,0.1692,High
C0029,2024-05,40.2,43.31,16.49,18.6,0.1589,High
C0029,2024-06,53.6,27.43,18.97,16.28,0.0382,High
C0029,2024-07,53.06,32.39,14.55,13.32,0.1396,High
C0029,2024-08,61.68,19.05,19.27,18.84,0.141,High
C0029,2024-09,70.22,9.4,20.38,20.63,0.0036,High
C0029,2024-10,60.31,19.02,20.67,22.94,-0.0283,High
C0029,2024-11,66.77,6.97,26.26,24.93,0.1517,High
C0029,2024-12,48.52,22.94,28.54,13.08,0.0995,High
C0030,2024-01,52.31,35.66,12.03,20.75,0.0164,High
C0030,2024-02,50.76,23.18,26.06,21.7,0.0226,High
C0030,2024-03,50.89,26.9,22.21,24.89,0.037,High
C0030,2024-04,44.27,42.11,13.62,24.26,-0.047,High
C0030,2024-05,46.35,33.15,20.5,24.76,0.0897,High
C0030,2024-06,48.98,21.76,29.26,20.7,0.0314,High
C0030,2024-07,68.21,10.79,21.0,12.78,0.1074,High
C0030,2024-08,61.06,12.56,26.38,27.92,0.1038,High
C0030,2024-09,47.98,37.78,14.24,23.0,0.1504,High
C0030,2024-10,71.5,11.43,17.07,16.26,0.0716,High
C0030,2024-11,67.31,17.19,15.5,26.81,0.2286,High
C0030,2024-12,43.34,34.18,22.48,20.13,0.0286,High
C0031,2024-01,35.04,53.38,11.58,13.77,0.0538,Medium
C0031,2024-02,30.7,58.95,10.35,11.46,0.0533,Medium
C0031,2024-03,46.4,48.58,5.02,9.52,0.0567,Medium
C0031,2024-04,59.64,36.59,3.77,12.26,0.1592,Medium
C0031,2024-05,42.13,50.3,7.57,12.46,0.0814,Medium
C0031,2024-06,38.23,58.74,3.03,6.77,0.0858,Medium
C0031,2024-07,56.83,38.68,4.49,8.91,0.0464,Medium
C0031,2024-08,32.08,59.17,8.75,6.61,0.0323,Medium
C0031,2024-09,54.01,40.95,5.04,10.86,0.0738,Medium
C0031,2024-10,45.99,47.79,6.22,9.0,0.083,Medium
C0031,2024-11,50.09,34.99,14.92,11.96,0.133,Medium
C0031,2024-12,43.96,53.26,2.78,11.06,0.0692,Medium
C0032,2024-01,46.14,30.06,23.8,15.62,0.0388,High
C0032,2024-02,55.77,19.11,25.12,18.26,0.0925,High
C0032,2024-03,63.27,10.82,25.91,28.69,0.0468,High
C0032,2024-04,45.33,24.82,29.85,28.69,-0.0326,High
C0032,2024-05,58.9,14.26,26.84,21.38,0.0436,High
C0032,2024-06,66.44,21.01,12.55,26.87,0.0964,High
C0032,2024-07,67.38,8.45,24.17,12.65,0.0521,High
C0032,2024-08,52.61,35.64,11.75,28.87,-0.0067,High
C0032,2024-09,59.38,24.51,16.11,19.15,0.2029,High
C0032,2024-10,58.05,13.56,28.39,20.95,0.022,High
C0032,2024-11,73.44,0.0,26.56,15.75,0.0779,High
C0032,2024-12,70.73,1.91,27.36,26.51,0.191,High
C0033,2024-01,50.66,37.72,11.62,19.25,0.1003,High
C0033,2024-02,52.12,18.37,29.51,23.54,0.028,High
C0033,2024-03,68.79,18.56,12.65,27.52,0.0775,High
C0033,2024-04,61.22,13.48,25.3,15.15,0.1281,High
C0033,2024-05,57.59,24.44,17.97,14.63,0.0536,High
C0033,2024-06,40.91,46.39,12.7,29.34,0.0492,High
C0033,2024-07,59.23,11.45,29.32,19.78,0.0986,High
C0033,2024-08,55.39,32.5,12.11,23.53,-0.0672,High
C0033,2024-09,47.56,30.05,22.39,23.7,0.0655,High
C0033,2024-10,42.03,28.07,29.9,13.04,0.1452,High
C0033,2024-11,64.33,6.0,29.67,16.31,0.0678,High
C0033,2024-12,64.22,24.53,11.25,21.17,0.0564,High
C0034,2024-01,68.49,9.21,22.3,17.51,0.1172,High
C0034,2024-02,54.92,32.47,12.61,27.96,0.2646,High
C0034,2024-03,55.74,30.37,13.89,18.62,0.142,High
C0034,2024-04,65.67,8.94,25.39,12.2,0.0817,High
C0034,2024-05,54.56,25.81,19.63,12.35,0.1128,High
C0034,2024-06,44.8,34.49,20.71,15.87,0.0393,High
C0034,2024-07,40.43,44.75,14.82,29.57,-0.0202,High
C0034,2024-08,59.18,21.73,19.09,27.2,0.08,High
C0034,2024-09,43.44,36.8,19.76,14.7,0.127,High
C0034,2024-10,56.66,25.82,17.52,19.1,0.0299,High
C0034,2024-11,56.08,18.22,25.7,28.06,0.185,High
C0034,2024-12,55.32,29.59,15.09,27.14,-0.0155,High
C0035,2024-01,32.54,65.15,2.31,5.82,0.062,Low
C0035,2024-02,25.92,71.01,3.07,2.4,0.0488,Low
C0035,2024-03,22.96,76.29,0.75,6.42,0.0812,Low
C0035,2024-04,11.05,88.53,0.42,6.3,0.0386,Low
C0035,2024-05,11.8,87.84,0.36,2.07,0.028,Low
C0035,2024-06,18.75,77.38,3.87,5.97,0.0266,Low
C0035,2024-07,14.63,84.5,0.87,2.59,0.0476,Low
C0035,2024-08,16.63,83.27,0.1,2.49,0.0438,Low
C0035,2024-09,34.19,64.33,1.48,6.62,0.0206,Low
C0035,2024-10,15.14,84.25,0.61,5.69,0.0639,Low
C0035,2024-11,29.37,67.41,3.22,5.18,0.0385,Low
C0035,2024-12,34.5,62.49,3.01,5.49,0.0661,Low
C0036,2024-01,54.36,35.11,10.53,7.15,0.0818,Medium
C0036,2024-02,36.74,56.42,6.84,9.89,0.0503,Medium
C0036,2024-03,43.18,46.85,9.97,14.49,0.0425,Medium
C0036,2024-04,35.92,50.55,13.53,11.81,0.0525,Medium
C0036,2024-05,38.57,48.82,12.61,13.75,0.099,Medium
C0036,2024-06,43.81,43.24,12.95,12.56,0.0368,Medium
C0036,2024-07,53.29,36.18,10.53,7.6,0.0767,Medium
C0036,2024-08,58.12,39.32,2.56,7.48,0.0628,Medium
C0036,2024-09,33.95,54.61,11.44,13.36,0.0619,Medium
C0036,2024-10,55.22,33.25,11.53,10.88,0.0227,Medium
C0036,2024-11,47.71,43.68,8.61,8.68,0.1114,Medium
C0036,2024-12,56.2,33.53,10.27,12.85,0.0945,Medium
C0037,2024-01,21.54,78.41,0.05,3.48,0.0386,Low
C0037,2024-02,30.0,68.98,1.02,5.33,0.0326,Low
C0037,2024-03,28.33,68.59,3.08,3.13,0.0591,Low
C0037,2024-04,23.85,76.12,0.03,6.57,0.0299,Low
C0037,2024-05,10.88,85.39,3.73,3.21,0.0388,Low
C0037,2024-06,18.18,81.08,0.74,3.83,0.0448,Low
C0037,2024-07,31.92,63.1,4.98,4.21,0.0737,Low
C0037,2024-08,32.15,64.88,2.97,4.35,0.0444,Low
C0037,2024-09,20.31,76.21,3.48,2.02,0.0351,Low
C0037,2024-10,29.86,69.68,0.46,5.53,0.0664,Low
C0037,2024-11,22.03,74.76,3.21,2.39,0.0559,Low
C0037,2024-12,24.01,72.97,3.02,6.06,0.0821,Low
C0038,2024-01,49.44,24.06,26.5,20.97,0.1567,High
C0038,2024-02,64.77,9.46,25.77,21.31,0.0518,High
C0038,2024-03,55.41,31.64,12.95,17.91,0.0279,High
C0038,2024-04,47.73,30.31,21.96,25.24,0.07,High
C0038,2024-05,72.33,0.0,27.67,23.57,0.231,High
C0038,2024-06,67.49,20.14,12.37,19.38,0.016,High
C0038,2024-07,69.39,12.93,17.68,22.29,0.0021,High
C0038,2024-08,52.68,30.63,16.69,12.47,0.0894,High
C0038,2024-09,40.85,32.52,26.63,16.92,-0.0139,High
C0038,2024-10,72.92,11.89,15.19,19.73,0.0948,High
C0038,2024-11,70.54,2.62,26.84,15.35,0.0886,High
C0038,2024-12,56.9,30.43,12.67,13.45,0.1298,High
C0039,2024-01,44.89,47.43,7.68,12.57,0.039,Medium
C0039,2024-02,48.31,47.93,3.76,12.76,0.0766,Medium
C0039,2024-03,49.7,35.86,14.44,6.62,0.0702,Medium
C0039,2024-04,37.85,56.94,5.21,14.16,0.0465,Medium
C0039,2024-05,37.48,56.98,5.54,12.83,0.1128,Medium
C0039,2024-06,31.96,59.7,8.34,6.3,0.0509,Medium
C0039,2024-07,31.88,54.34,13.78,7.25,0.0097,Medium
C0039,2024-08,40.42,45.88,13.7,6.2,0.0831,Medium
C0039,2024-09,49.92,35.56,14.52,11.04,0.0206,Medium
C0039,2024-10,51.92,33.32,14.76,8.31,0.0605,Medium
C0039,2024-11,49.62,45.8,4.58,11.09,0.0758,Medium
C0039,2024-12,48.26,45.2,6.54,7.03,0.0612,Medium
C0040,2024-01,15.64,83.11,1.25,7.1,0.061,Low
C0040,2024-02,12.87,82.83,4.3,6.34,0.0922,Low
C0040,2024-03,11.69,84.77,3.54,5.26,0.0388,Low
C0040,2024-04,22.12,77.05,0.83,7.67,0.023,Low
C0040,2024-05,31.24,65.41,3.35,4.77,0.075,Low
C0040,2024-06,23.64,76.05,0.31,5.08,0.0264,Low
C0040,2024-07,30.16,67.54,2.3,2.31,0.0435,Low
C0040,2024-08,16.47,82.71,0.82,3.98,0.0464,Low
C0040,2024-09,28.92,68.48,2.6,3.23,0.0441,Low
C0040,2024-10,21.29,73.79,4.92,6.63,0.0567,Low
C0040,2024-11,10.68,88.99,0.33,4.78,0.0369,Low
C0040,2024-12,22.44,77.03,0.53,5.94,0.0576,Low
C0041,2024-01,53.32,21.17,25.51,29.36,0.0972,High
C0041,2024-02,50.05,24.09,25.86,22.4,-0.0106,High
C0041,2024-03,62.21,11.83,25.96,19.13,0.0962,High
C0041,2024-04,45.53,30.55,23.92,26.28,0.1487,High
C0041,2024-05,51.09,21.77,27.14,28.31,0.0597,High
C0041,2024-06,46.45,25.67,27.88,23.78,0.0579,High
C0041,2024-07,45.32,35.87,18.81,23.08,0.0769,High
C0041,2024-08,73.84,7.8,18.36,29.71,0.2148,High
C0041,2024-09,63.38,13.93,22.69,14.99,0.0805,High
C0041,2024-10,45.68,44.07,10.25,22.08,0.1304,High
C0041,2024-11,58.46,17.15,24.39,28.02,0.1048,High
C0041,2024-12,46.56,26.28,27.16,26.74,0.0575,High
C0042,2024-01,51.3,42.61,6.09,10.24,0.0579,Medium
C0042,2024-02,40.74,50.84,8.42,13.45,0.1132,Medium
C0042,2024-03,40.06,55.68,4.26,12.41,0.0341,Medium
C0042,2024-04,40.44,51.71,7.85,12.74,0.0439,Medium
C0042,2024-05,49.54,40.39,10.07,9.17,0.064,Medium
C0042,2024-06,59.38,30.38,10.24,7.14,0.0982,Medium
C0042,2024-07,50.28,43.49,6.23,12.18,0.0479,Medium
C0042,2024-08,55.11,39.26,5.63,11.79,0.0829,Medium
C0042,2024-09,50.83,40.51,8.66,8.75,0.0928,Medium
C0042,2024-10,58.14,28.53,13.33,12.89,0.0241,Medium
C0042,2024-11,53.66,35.7,10.64,8.34,0.0764,Medium
C0042,2024-12,46.82,49.74,3.44,10.02,0.0771,Medium
C0043,2024-01,55.93,34.96,9.11,9.42,0.0538,Medium
C0043,2024-02,52.2,33.87,13.93,8.52,0.0705,Medium
C0043,2024-03,55.75,38.45,5.8,14.2,0.0963,Medium
C0043,2024-04,30.54,54.94,14.52,12.54,0.0858,Medium
C0043,2024-05,39.14,48.08,12.78,8.53,0.0743,Medium
C0043,2024-06,32.9,61.96,5.14,6.11,0.0863,Medium
C0043,2024-07,44.06,50.02,5.92,11.39,0.0231,Medium
C0043,2024-08,52.29,45.08,2.63,14.13,0.014,Medium
C0043,2024-09,55.57,33.75,10.68,11.34,0.067,Medium
C0043,2024-10,53.84,43.71,2.45,11.25,0.0542,Medium
C0043,2024-11,59.87,27.01,13.12,10.69,0.0459,Medium
C0043,2024-12,32.81,53.36,13.83,12.02,0.0716,Medium
C0044,2024-01,70.76,7.8,21.44,21.31,-0.0246,High
C0044,2024-02,55.21,19.31,25.48,22.83,0.0411,High
C0044,2024-03,71.24,9.89,18.87,22.93,0.1723,High
C0044,2024-04,64.59,20.66,14.75,21.22,0.1914,High
C0044,2024-05,43.65,38.66,17.69,20.78,0.0995,High
C0044,2024-06,61.02,14.11,24.87,21.11,0.0994,High
C0044,2024-07,62.19,26.39,11.42,16.58,0.0529,High
C0044,2024-08,41.6,45.6,12.8,16.98,-0.0463,High
C0044,2024-09,74.0,9.37,16.63,20.68,0.115,High
C0044,2024-10,49.82,36.04,14.14,21.3,-0.0074,High
C0044,2024-11,40.2,49.65,10.15,15.94,0.1141,High
C0044,2024-12,60.03,19.72,20.25,17.28,0.0544,High
C0045,2024-01,53.9,34.36,11.74,23.11,0.0489,High
C0045,2024-02,57.76,14.76,27.48,20.88,0.042,High
C0045,2024-03,64.58,5.56,29.86,14.37,0.0676,High
C0045,2024-04,54.76,27.02,18.22,28.34,-0.0495,High
C0045,2024-05,64.99,12.85,22.16,17.57,0.0636,High
C0045,2024-06,49.02,39.79,11.19,22.87,0.078,High
C0045,2024-07,64.03,23.68,12.29,18.91,-0.0453,High
C0045,2024-08,44.23,37.39,18.38,25.52,0.0191,High
C0045,2024-09,42.49,45.91,11.6,18.39,0.0745,High
C0045,2024-10,63.75,19.01,17.24,22.69,0.1126,High
C0045,2024-11,40.36,36.92,22.72,28.44,0.1588,High
C0045,2024-12,65.34,22.25,12.41,28.24,0.1019,High
C0046,2024-01,23.35,75.94,0.71,2.07,0.032,Low
C0046,2024-02,22.15,74.96,2.89,2.26,0.0402,Low
C0046,2024-03,13.08,84.13,2.79,4.06,0.0503,Low
C0046,2024-04,31.14,65.4,3.46,4.58,0.0674,Low
C0046,2024-05,26.82,71.8,1.38,3.84,0.042,Low
C0046,2024-06,29.96,65.93,4.11,7.15,0.0807,Low
C0046,2024-07,32.92,64.93,2.15,3.91,0.0275,Low
C0046,2024-08,25.02,71.45,3.53,6.13,0.0683,Low
C0046,2024-09,19.37,79.8,0.83,4.58,0.0274,Low
C0046,2024-10,10.64,86.13,3.23,5.82,0.0317,Low
C0046,2024-11,18.51,81.13,0.36,4.46,0.0545,Low
C0046,2024-12,25.15,73.03,1.82,3.31,0.033,Low
C0047,2024-01,55.89,20.34,23.77,14.53,0.0658,High
C0047,2024-02,57.69,13.03,29.28,18.92,0.0932,High
C0047,2024-03,41.36,48.02,10.62,18.98,0.0487,High
C0047,2024-04,50.13,21.87,28.0,14.09,0.1562,High
C0047,2024-05,73.46,10.26,16.28,27.99,0.1848,High
C0047,2024-06,74.44,9.79,15.77,29.3,0.1186,High
C0047,2024-07,53.63,28.66,17.71,18.13,0.0131,High
C0047,2024-08,59.38,19.79,20.83,25.71,0.0957,High
C0047,2024-09,69.18,12.01,18.81,17.44,0.0459,High
C0047,2024-10,42.02,41.13,16.85,16.86,0.0398,High
C0047,2024-11,73.83,5.02,21.15,18.25,0.0336,High
C0047,2024-12,55.55,21.93,22.52,20.8,0.0997,High
C0048,2024-01,59.82,26.74,13.44,11.61,0.1443,Medium
C0048,2024-02,36.04,56.82,7.14,6.36,0.0781,Medium
C0048,2024-03,44.27,46.67,9.06,8.05,0.0694,Medium
C0048,2024-04,56.1,40.2,3.7,13.11,0.1321,Medium
C0048,2024-05,33.75,53.93,12.32,8.48,0.0585,Medium
C0048,2024-06,59.43,32.29,8.28,13.77,0.0212,Medium
C0048,2024-07,47.66,45.46,6.88,8.57,0.0785,Medium
C0048,2024-08,41.59,49.76,8.65,10.43,0.0385,Medium
C0048,2024-09,47.32,39.43,13.25,14.83,0.1227,Medium
C0048,2024-10,52.93,37.61,9.46,14.6,0.0531,Medium
C0048,2024-11,36.01,60.57,3.42,13.69,0.1,Medium
C0048,2024-12,56.79,40.4,2.81,13.95,0.0532,Medium
C0049,2024-01,45.31,44.54,10.15,14.34,0.064,Medium
C0049,2024-02,50.63,37.97,11.4,12.23,0.0547,Medium
C0049,2024-03,34.04,60.07,5.89,9.23,0.0367,Medium
C0049,2024-04,36.32,49.23,14.45,6.08,0.0812,Medium
C0049,2024-05,59.93,29.27,10.8,13.46,0.1022,Medium
C0049,2024-06,52.21,43.93,3.86,12.78,0.0805,Medium
C0049,2024-07,53.07,36.37,10.56,12.9,0.0828,Medium
C0049,2024-08,32.66,59.0,8.34,6.7,0.0778,Medium
C0049,2024-09,42.23,50.48,7.29,6.59,0.0442,Medium
C0049,2024-10,54.25,31.43,14.32,6.65,0.0682,Medium
C0049,2024-11,58.66,32.55,8.79,8.7,0.0699,Medium
C0049,2024-12,53.84,34.97,11.19,6.45,0.0545,Medium
C0050,2024-01,20.07,78.45,1.48,3.39,0.0507,Low
C0050,2024-02,33.23,64.74,2.03,7.44,0.035,Low
C0050,2024-03,18.04,79.58,2.38,3.36,0.0427,Low
C0050,2024-04,25.09,73.12,1.79,5.89,0.0451,Low
C0050,2024-05,13.08,82.48,4.44,5.02,0.0748,Low
C0050,2024-06,25.62,74.02,0.36,6.1,0.0196,Low
C0050,2024-07,16.05,80.38,3.57,6.94,0.0472,Low
C0050,2024-08,23.01,76.28,0.71,6.65,0.0697,Low
C0050,2024-09,16.79,80.73,2.48,3.71,0.0451,Low
C0050,2024-10,11.36,84.9,3.74,3.91,0.0291,Low
C0050,2024-11,10.0,87.44,2.56,2.28,0.0446,Low
C0050,2024-12,11.56,84.24,4.2,2.02,0.0346,Low
C0051,2024-01,28.52,69.9,1.58,2.61,0.0356,Low
C0051,2024-02,31.06,67.37,1.57,6.73,0.0309,Low
C0051,2024-03,32.3,65.53,2.17,7.46,0.0575,Low
C0051,2024-04,12.23,84.33,3.44,4.96,0.0387,Low
C0051,2024-05,19.69,77.15,3.16,6.22,0.0617,Low
C0051,2024-06,34.15,62.04,3.81,7.7,0.0802,Low
C0051,2024-07,27.56,70.95,1.49,2.63,0.0504,Low
C0051,2024-08,11.2,87.0,1.8,7.74,0.0657,Low
C0051,2024-09,22.51,75.33,2.16,4.75,0.036,Low
C0051,2024-10,19.25,80.49,0.26,6.61,0.0157,Low
C0051,2024-11,20.41,75.48,4.11,7.1,0.0584,Low
C0051,2024-12,21.81,73.79,4.4,3.29,0.0349,Low
C0052,2024-01,48.23,45.93,5.84,7.23,0.0888,Medium
C0052,2024-02,39.47,50.15,10.38,9.56,0.0854,Medium
C0052,2024-03,51.4,44.01,4.59,14.01,0.0243,Medium
C0052,2024-04,31.74,64.81,3.45,10.64,0.0049,Medium
C0052,2024-05,38.03,49.11,12.86,6.13,0.0364,Medium
C0052,2024-06,30.58,65.8,3.62,9.72,0.0166,Medium
C0052,2024-07,44.78,47.96,7.26,10.78,0.0586,Medium
C0052,2024-08,43.92,41.55,14.53,10.67,0.0699,Medium
C0052,2024-09,50.33,43.62,6.05,12.97,0.0671,Medium
C0052,2024-10,59.28,37.09,3.63,6.15,0.0925,Medium
C0052,2024-11,53.11,34.4,12.49,7.08,0.0924,Medium
C0052,2024-12,45.53,47.94,6.53,9.35,0.0398,Medium
C0053,2024-01,17.5,79.27,3.23,7.85,0.0467,Low
C0053,2024-02,29.51,68.2,2.29,4.39,0.0507,Low
C0053,2024-03,17.57,82.1,0.33,3.37,0.0381,Low
C0053,2024-04,28.69,68.94,2.37,2.35,0.0356,Low
C0053,2024-05,33.95,61.34,4.71,6.71,0.053,Low
C0053,2024-06,34.07,65.55,0.38,4.19,0.0504,Low
C0053,2024-07,15.63,83.39,0.98,2.84,0.0499,Low
C0053,2024-08,24.46,74.81,0.73,6.87,0.0546,Low
C0053,2024-09,25.9,72.16,1.94,6.04,0.0306,Low
C0053,2024-10,32.94,65.61,1.45,4.82,0.03,Low
C0053,2024-11,32.25,64.21,3.54,2.37,0.0444,Low
C0053,2024-12,13.36,81.85,4.79,5.18,0.0749,Low
C0054,2024-01,22.51,74.09,3.4,2.46,0.0515,Low
C0054,2024-02,21.49,75.78,2.73,4.6,0.0355,Low
C0054,2024-03,11.1,88.07,0.83,4.67,0.0428,Low
C0054,2024-04,16.05,79.15,4.8,3.18,0.0473,Low
C0054,2024-05,33.79,61.24,4.97,6.27,0.0538,Low
C0054,2024-06,16.49,81.33,2.18,5.56,0.0464,Low
C0054,2024-07,11.83,85.06,3.11,7.89,0.0526,Low
C0054,2024-08,32.7,62.58,4.72,7.76,0.0385,Low
C0054,2024-09,23.03,72.08,4.89,6.54,0.0457,Low
C0054,2024-10,27.95,70.81,1.24,5.84,0.0237,Low
C0054,2024-11,26.67,72.52,0.81,5.39,0.0442,Low
C0054,2024-12,10.3,89.65,0.05,4.14,0.0546,Low
C0055,2024-01,48.0,29.31,22.69,16.0,0.1236,High
C0055,2024-02,65.51,22.58,11.91,19.72,0.0503,High
C0055,2024-03,41.02,39.36,19.62,23.92,0.0483,High
C0055,2024-04,53.92,17.69,28.39,29.88,0.033,High
C0055,2024-05,41.57,33.21,25.22,18.69,0.1606,High
C0055,2024-06,71.32,0.0,28.68,22.39,0.0597,High
C0055,2024-07,52.5,21.75,25.75,16.52,-0.0105,High
C0055,2024-08,62.98,22.21,14.81,15.45,0.1206,High
C0055,2024-09,72.13,15.83,12.04,21.11,0.0547,High
C0055,2024-10,73.27,5.1,21.63,19.86,0.1335,High
C0055,2024-11,60.31,19.36,20.33,25.66,0.0154,High
C0055,2024-12,71.14,0.0,28.86,28.07,-0.0118,High
C0056,2024-01,53.41,38.4,8.19,10.48,0.0794,Medium
C0056,2024-02,35.58,58.11,6.31,13.7,0.0009,Medium
C0056,2024-03,36.21,60.86,2.93,6.62,0.0518,Medium
C0056,2024-04,42.28,45.18,12.54,13.52,0.095,Medium
C0056,2024-05,39.96,49.02,11.02,12.94,0.0262,Medium
C0056,2024-06,56.27,34.72,9.01,8.54,0.0798,Medium
C0056,2024-07,42.76,54.75,2.49,7.15,0.0692,Medium
C0056,2024-08,31.64,53.71,14.65,8.04,0.0017,Medium
C0056,2024-09,39.13,54.92,5.95,8.07,0.0862,Medium
C0056,2024-10,55.46,37.05,7.49,8.73,0.0882,Medium
C0056,2024-11,39.76,48.98,11.26,13.35,0.045,Medium
C0056,2024-12,57.06,30.45,12.49,14.86,0.0229,Medium
C0057,2024-01,53.76,24.43,21.81,23.9,0.0892,High
C0057,2024-02,64.82,21.83,13.35,26.05,0.0153,High
C0057,2024-03,60.44,10.52,29.04,12.76,0.12,High
C0057,2024-04,50.38,25.33,24.29,25.66,-0.0314,High
C0057,2024-05,43.59,36.13,20.28,21.16,0.1146,High
C0057,2024-06,68.97,7.09,23.94,24.86,0.0796,High
C0057,2024-07,56.16,15.42,28.42,24.5,0.1411,High
C0057,2024-08,49.59,24.27,26.14,15.51,0.1058,High
C0057,2024-09,52.09,31.2,16.71,29.61,0.1151,High
C0057,2024-10,65.45,13.31,21.24,29.05,0.1561,High
C0057,2024-11,57.37,25.02,17.61,14.93,0.111,High
C0057,2024-12,53.46,36.04,10.5,27.1,0.1384,High
C0058,2024-01,27.59,67.56,4.85,4.63,0.0604,Low
C0058,2024-02,30.43,66.84,2.73,7.8,0.0251,Low
C0058,2024-03,11.3,86.18,2.52,6.31,0.0342,Low
C0058,2024-04,30.0,67.24,2.76,4.38,0.0518,Low
C0058,2024-05,13.29,82.38,4.33,2.94,0.032,Low
C0058,2024-06,31.79,64.85,3.36,6.78,0.0293,Low
C0058,2024-07,16.27,80.61,3.12,5.43,0.043,Low
C0058,2024-08,17.19,81.28,1.53,4.12,0.0325,Low
C0058,2024-09,25.53,72.8,1.67,6.4,0.0316,Low
C0058,2024-10,29.59,68.98,1.43,4.6,0.0444,Low
C0058,2024-11,27.14,71.2,1.66,2.34,0.0494,Low
C0058,2024-12,26.04,70.6,3.36,5.79,0.0444,Low
C0059,2024-01,20.46,75.79,3.75,2.61,0.0372,Low
C0059,2024-02,20.8,74.3,4.9,2.41,0.0394,Low
C0059,2024-03,22.96,76.14,0.9,7.82,0.0372,Low
C0059,2024-04,28.45,68.03,3.52,4.54,0.0359,Low
C0059,2024-05,18.66,79.35,1.99,3.59,0.0408,Low
C0059,2024-06,16.71,81.85,1.44,5.94,0.0143,Low
C0059,2024-07,34.21,62.77,3.02,2.46,0.0467,Low
C0059,2024-08,24.97,71.91,3.12,5.89,0.0414,Low
C0059,2024-09,16.68,83.24,0.08,7.79,0.0574,Low
C0059,2024-10,27.67,69.28,3.05,3.88,0.0341,Low
C0059,2024-11,16.78,80.23,2.99,7.2,0.0539,Low
C0059,2024-12,15.06,82.0,2.94,6.21,0.0474,Low
C0060,2024-01,42.24,55.56,2.2,11.25,0.0427,Medium
C0060,2024-02,58.72,34.09,7.19,13.56,0.0019,Medium
C0060,2024-03,35.66,53.6,10.74,14.79,0.0224,Medium
C0060,2024-04,52.45,33.66,13.89,9.91,0.0687,Medium
C0060,2024-05,37.76,54.59,7.65,12.51,0.0587,Medium
C0060,2024-06,48.4,41.31,10.29,8.18,0.0644,Medium
C0060,2024-07,51.42,45.39,3.19,7.79,0.0679,Medium
C0060,2024-08,30.41,64.36,5.23,7.93,0.065,Medium
C0060,2024-09,38.12,56.66,5.22,6.56,0.0889,Medium
C0060,2024-10,48.2,41.05,10.75,6.73,0.0609,Medium
C0060,2024-11,58.55,28.55,12.9,13.25,0.0191,Medium
C0060,2024-12,48.5,39.84,11.66,12.64,0.0761,Medium
C0061,2024-01,32.06,61.12,6.82,14.29,0.1002,Medium
C0061,2024-02,38.07,55.14,6.79,14.06,0.1569,Medium
C0061,2024-03,49.99,37.77,12.24,10.09,0.0292,Medium
C0061,2024-04,51.16,41.28,7.56,9.98,0.0854,Medium
C0061,2024-05,49.48,36.35,14.17,6.58,0.0609,Medium
C0061,2024-06,43.32,54.4,2.28,8.71,0.0769,Medium
C0061,2024-07,45.08,52.19,2.73,10.42,0.0404,Medium
C0061,2024-08,49.66,44.96,5.38,7.44,0.0935,Medium
C0061,2024-09,34.81,62.27,2.92,7.67,0.0691,Medium
C0061,2024-10,54.42,34.67,10.91,6.99,0.0774,Medium
C0061,2024-11,38.67,55.3,6.03,8.25,0.1296,Medium
C0061,2024-12,40.71,52.69,6.6,13.46,0.1085,Medium
C0062,2024-01,50.77,20.95,28.28,29.15,-0.0109,High
C0062,2024-02,57.7,13.48,28.82,27.77,-0.0201,High
C0062,2024-03,43.59,38.56,17.85,21.96,-0.0191,High
C0062,2024-04,70.06,6.4,23.54,27.08,0.0944,High
C0062,2024-05,70.05,4.98,24.97,19.91,0.0291,High
C0062,2024-06,63.57,22.84,13.59,24.49,0.1045,High
C0062,2024-07,48.04,39.61,12.35,14.98,0.0739,High
C0062,2024-08,45.65,42.68,11.67,12.34,0.1314,High
C0062,2024-09,45.8,26.38,27.82,16.35,0.048,High
C0062,2024-10,47.79,31.83,20.38,22.94,0.0585,High
C0062,2024-11,48.59,40.26,11.15,19.04,0.0256,High
C0062,2024-12,73.59,4.08,22.33,22.02,0.0474,High
C0063,2024-01,42.87,48.1,9.03,12.27,0.0303,Medium
C0063,2024-02,45.0,47.64,7.36,13.83,0.0835,Medium
C0063,2024-03,48.95,42.13,8.92,7.04,0.0456,Medium
C0063,2024-04,40.11,56.03,3.86,12.23,0.0641,Medium
C0063,2024-05,36.19,56.72,7.09,14.06,0.0582,Medium
C0063,2024-06,42.57,55.19,2.24,13.13,-0.0031,Medium
C0063,2024-07,32.07,59.76,8.17,11.05,0.1044,Medium
C0063,2024-08,37.6,60.27,2.13,12.51,0.0888,Medium
C0063,2024-09,46.07,41.06,12.87,13.39,0.0663,Medium
C0063,2024-10,40.01,47.7,12.29,10.06,0.1017,Medium
C0063,2024-11,35.51,51.38,13.11,13.94,0.03,Medium
C0063,2024-12,41.63,45.92,12.45,14.12,0.0631,Medium
C0064,2024-01,11.67,83.94,4.39,4.34,0.0476,Low
C0064,2024-02,11.67,85.09,3.24,2.44,0.04,Low
C0064,2024-03,19.39,76.59,4.02,4.6,0.0296,Low
C0064,2024-04,18.77,79.37,1.86,2.41,0.0366,Low
C0064,2024-05,19.24,78.44,2.32,6.34,0.0669,Low
C0064,2024-06,10.21,88.7,1.09,5.97,0.0537,Low
C0064,2024-07,22.1,77.87,0.03,6.83,0.0466,Low
C0064,2024-08,11.66,84.51,3.83,5.5,0.0654,Low
C0064,2024-09,29.55,66.69,3.76,6.82,0.0259,Low
C0064,2024-10,26.78,70.12,3.1,6.45,0.0482,Low
C0064,2024-11,14.25,84.78,0.97,7.34,0.0461,Low
C0064,2024-12,28.96,68.05,2.99,5.92,0.0519,Low
C0065,2024-01,60.26,17.09,22.65,14.82,0.1678,High
C0065,2024-02,49.48,36.47,14.05,17.65,0.0601,High
C0065,2024-03,48.45,37.25,14.3,19.65,0.0723,High
C0065,2024-04,46.58,41.88,11.54,24.53,0.1335,High
C0065,2024-05,53.39,20.17,26.44,23.87,0.0413,High
C0065,2024-06,64.23,20.49,15.28,28.9,0.1545,High
C0065,2024-07,62.27,21.24,16.49,16.85,0.1111,High
C0065,2024-08,47.65,30.44,21.91,16.76,0.0324,High
C0065,2024-09,63.17,10.53,26.3,26.0,0.0388,High
C0065,2024-10,43.09,32.93,23.98,18.63,0.1129,High
C0065,2024-11,55.14,34.24,10.62,16.67,0.0878,High
C0065,2024-12,41.36,35.3,23.34,17.81,-0.0049,High
C0066,2024-01,71.08,12.41,16.51,28.22,0.0456,High
C0066,2024-02,60.18,28.47,11.35,13.71,0.1002,High
C0066,2024-03,74.96,8.51,16.53,25.47,0.1155,High
C0066,2024-04,74.92,10.25,14.83,12.73,0.0973,High
C0066,2024-05,54.39,33.01,12.6,12.4,0.1175,High
C0066,2024-06,59.81,23.93,16.26,23.78,0.0368,High
C0066,2024-07,48.12,41.59,10.29,25.76,0.1696,High
C0066,2024-08,41.37,31.89,26.74,23.15,0.1265,High
C0066,2024-09,59.72,17.79,22.49,27.56,0.2219,High
C0066,2024-10,74.68,0.19,25.13,19.96,0.2026,High
C0066,2024-11,64.76,17.46,17.78,16.12,0.1177,High
C0066,2024-12,72.52,10.64,16.84,21.5,0.0967,High
C0067,2024-01,34.89,60.2,4.91,5.9,0.0644,Low
C0067,2024-02,24.83,74.9,0.27,4.73,0.0553,Low
C0067,2024-03,26.87,69.74,3.39,4.24,0.0725,Low
C0067,2024-04,27.43,69.33,3.24,3.65,0.0476,Low
C0067,2024-05,13.9,82.92,3.18,5.6,0.0502,Low
C0067,2024-06,21.38,75.28,3.34,7.02,0.0262,Low
C0067,2024-07,14.24,85.66,0.1,6.67,0.0683,Low
C0067,2024-08,30.96,65.03,4.01,7.77,0.0702,Low
C0067,2024-09,23.4,74.16,2.44,4.41,0.0478,Low
C0067,2024-10,16.92,78.47,4.61,5.5,0.025,Low
C0067,2024-11,24.83,73.4,1.77,2.31,0.044,Low
C0067,2024-12,12.12,84.85,3.03,7.29,0.0298,Low
C0068,2024-01,63.07,22.71,14.22,27.53,0.0649,High
C0068,2024-02,65.81,18.46,15.73,26.45,0.0986,High
C0068,2024-03,74.9,14.5,10.6,28.15,0.1045,High
C0068,2024-04,56.27,16.78,26.95,13.12,0.0934,High
C0068,2024-05,51.74,36.92,11.34,29.56,0.0999,High
C0068,2024-06,72.83,15.47,11.7,18.94,0.098,High
C0068,2024-07,42.48,43.3,14.22,16.13,-0.0154,High
C0068,2024-08,43.53,43.12,13.35,14.65,0.0576,High
C0068,2024-09,74.05,0.76,25.19,29.42,-0.053,High
C0068,2024-10,67.94,15.53,16.53,17.39,0.0597,High
C0068,2024-11,48.14,39.27,12.59,16.62,0.1374,High
C0068,2024-12,42.19,43.6,14.21,26.56,-0.0226,High
C0069,2024-01,18.57,77.11,4.32,2.93,0.0442,Low
C0069,2024-02,17.56,79.62,2.82,6.82,0.0248,Low
C0069,2024-03,13.43,83.67,2.9,5.03,0.0455,Low
C0069,2024-04,16.84,80.72,2.44,2.49,0.0338,Low
C0069,2024-05,21.49,76.98,1.53,6.93,0.0402,Low
C0069,2024-06,21.46,74.91,3.63,5.45,0.0347,Low
C0069,2024-07,26.68,69.43,3.89,7.17,0.0565,Low
C0069,2024-08,31.0,64.05,4.95,7.34,0.009,Low
C0069,2024-09,19.28,79.74,0.98,4.94,0.04,Low
C0069,2024-10,22.08,73.73,4.19,4.17,0.0674,Low
C0069,2024-11,31.5,66.47,2.03,3.97,0.0668,Low
C0069,2024-12,13.15,85.87,0.98,7.71,0.0314,Low
C0070,2024-01,24.19,72.91,2.9,4.94,0.0273,Low
C0070,2024-02,23.82,74.32,1.86,5.97,0.056,Low
C0070,2024-03,13.53,83.62,2.85,3.11,0.0317,Low
C0070,2024-04,14.57,81.3,4.13,3.71,0.0343,Low
C0070,2024-05,33.18,61.97,4.85,5.43,0.0467,Low
C0070,2024-06,29.94,68.22,1.84,2.52,0.0396,Low
C0070,2024-07,23.92,71.85,4.23,6.78,0.0576,Low
C0070,2024-08,15.51,83.4,1.09,7.24,0.0178,Low
C0070,2024-09,16.24,82.44,1.32,2.0,0.0415,Low
C0070,2024-10,25.68,70.57,3.75,2.91,0.0506,Low
C0070,2024-11,21.45,76.79,1.76,2.56,0.0492,Low
C0070,2024-12,11.0,87.54,1.46,3.25,0.037,Low
C0071,2024-01,32.71,64.95,2.34,4.8,0.0404,Low
C0071,2024-02,22.18,75.67,2.15,5.58,0.0513,Low
C0071,2024-03,34.99,61.16,3.85,4.39,0.047,Low
C0071,2024-04,10.76,88.22,1.02,4.04,0.0412,Low
C0071,2024-05,22.76,74.16,3.08,7.46,0.0565,Low
C0071,2024-06,11.26,88.57,0.17,5.31,0.0984,Low
C0071,2024-07,20.95,74.85,4.2,2.96,0.0451,Low
C0071,2024-08,15.94,83.81,0.25,6.35,0.0302,Low
C0071,2024-09,12.79,84.17,3.04,3.69,0.0354,Low
C0071,2024-10,30.04,68.0,1.96,6.5,0.0253,Low
C0071,2024-11,13.14,83.0,3.86,3.42,0.0482,Low
C0071,2024-12,33.23,64.83,1.94,2.4,0.0623,Low
C0072,2024-01,30.68,66.7,2.62,6.65,0.0345,Low
C0072,2024-02,10.75,84.44,4.81,6.01,0.0194,Low
C0072,2024-03,33.33,65.34,1.33,5.67,0.0283,Low
C0072,2024-04,31.2,64.06,4.74,7.31,0.0764,Low
C0072,2024-05,28.47,70.14,1.39,3.69,0.0569,Low
C0072,2024-06,25.57,69.48,4.95,3.87,0.0608,Low
C0072,2024-07,18.5,81.11,0.39,4.66,0.0283,Low
C0072,2024-08,30.86,64.46,4.68,3.11,0.0394,Low
C0072,2024-09,19.32,76.04,4.64,2.37,0.0374,Low
C0072,2024-10,34.21,63.56,2.23,5.01,0.0543,Low
C0072,2024-11,16.17,81.48,2.35,5.97,0.0557,Low
C0072,2024-12,24.45,71.03,4.52,6.9,0.0645,Low
C0073,2024-01,41.94,47.92,10.14,15.82,0.0181,High
C0073,2024-02,54.09,18.22,27.69,28.12,0.2377,High
C0073,2024-03,71.82,11.9,16.28,24.44,0.025,High
C0073,2024-04,46.46,36.7,16.84,19.74,0.0374,High
C0073,2024-05,69.08,18.52,12.4,25.23,-0.0584,High
C0073,2024-06,57.25,26.75,16.0,22.73,0.0962,High
C0073,2024-07,55.18,31.53,13.29,14.1,0.1121,High
C0073,2024-08,52.04,23.3,24.66,23.86,0.0932,High
C0073,2024-09,72.6,0.98,26.42,22.2,0.1468,High
C0073,2024-10,53.98,29.48,16.54,12.19,0.0874,High
C0073,2024-11,68.93,5.05,26.02,13.88,0.0486,High
C0073,2024-12,44.16,26.23,29.61,15.86,0.2024,High
C0074,2024-01,24.88,71.43,3.69,2.19,0.0496,Low
C0074,2024-02,12.58,86.56,0.86,5.41,0.0711,Low
C0074,2024-03,17.41,77.9,4.69,6.91,0.043,Low
C0074,2024-04,18.69,81.06,0.25,2.32,0.0428,Low
C0074,2024-05,27.3,70.41,2.29,3.36,0.0321,Low
C0074,2024-06,24.44,73.76,1.8,6.94,0.058,Low
C0074,2024-07,30.51,67.1,2.39,4.1,0.0623,Low
C0074,2024-08,18.2,80.75,1.05,2.51,0.0365,Low
C0074,2024-09,21.67,75.92,2.41,7.05,0.032,Low
C0074,2024-10,30.21,65.67,4.12,4.31,0.0332,Low
C0074,2024-11,21.47,77.01,1.52,7.6,0.0502,Low
C0074,2024-12,10.81,86.81,2.38,4.45,0.0644,Low
C0075,2024-01,26.41,68.73,4.86,5.37,0.0435,Low
C0075,2024-02,20.44,78.98,0.58,5.68,0.0438,Low
C0075,2024-03,33.46,63.23,3.31,2.46,0.056,Low
C0075,2024-04,20.08,75.75,4.17,6.89,0.0027,Low
C0075,2024-05,25.29,72.84,1.87,3.53,0.0418,Low
C0075,2024-06,20.33,76.29,3.38,5.95,0.0302,Low
C0075,2024-07,11.75,86.27,1.98,3.09,0.0412,Low
C0075,2024-08,11.04,86.86,2.1,3.01,0.035,Low
C0075,2024-09,31.98,65.23,2.79,3.39,0.0672,Low
C0075,2024-10,33.96,64.94,1.1,7.32,0.0487,Low
C0075,2024-11,33.36,62.06,4.58,5.81,0.0301,Low
C0075,2024-12,28.81,68.53,2.66,6.06,0.0785,Low
C0076,2024-01,51.94,35.34,12.72,7.32,0.0746,Medium
C0076,2024-02,55.34,37.05,7.61,9.41,0.1022,Medium
C0076,2024-03,57.45,37.28,5.27,13.6,0.1609,Medium
C0076,2024-04,39.25,51.3,9.45,8.93,-0.0104,Medium
C0076,2024-05,31.17,63.29,5.54,6.06,0.0796,Medium
C0076,2024-06,40.38,48.9,10.72,13.25,0.0355,Medium
C0076,2024-07,58.41,34.39,7.2,13.05,0.0707,Medium
C0076,2024-08,49.79,39.27,10.94,7.08,0.0609,Medium
C0076,2024-09,58.15,37.49,4.36,11.6,0.0394,Medium
C0076,2024-10,46.4,46.18,7.42,7.44,0.0391,Medium
C0076,2024-11,35.12,57.44,7.44,12.82,0.0242,Medium
C0076,2024-12,30.5,58.9,10.6,11.42,0.0503,Medium
C0077,2024-01,15.84,84.04,0.12,7.01,0.0484,Low
C0077,2024-02,33.16,64.74,2.1,2.3,0.0466,Low
C0077,2024-03,10.98,86.15,2.87,4.36,0.0399,Low
C0077,2024-04,10.28,85.78,3.94,3.84,0.0351,Low
C0077,2024-05,11.01,86.05,2.94,4.39,0.0396,Low
C0077,2024-06,16.88,79.57,3.55,3.63,0.0475,Low
C0077,2024-07,32.61,65.52,1.87,5.3,0.047,Low
C0077,2024-08,30.81,65.16,4.03,3.35,0.0442,Low
C0077,2024-09,15.65,80.26,4.09,7.58,0.0402,Low
C0077,2024-10,18.44,77.21,4.35,2.5,0.0377,Low
C0077,2024-11,15.28,80.96,3.76,2.31,0.022,Low
C0077,2024-12,18.36,79.67,1.97,5.18,0.0357,Low
C0078,2024-01,24.3,71.67,4.03,6.56,0.0436,Low
C0078,2024-02,16.7,81.49,1.81,4.45,0.0383,Low
C0078,2024-03,27.0,72.72,0.28,2.21,0.0542,Low
C0078,2024-04,14.83,81.96,3.21,3.56,0.0321,Low
C0078,2024-05,32.15,63.37,4.48,3.78,0.0461,Low
C0078,2024-06,16.02,80.62,3.36,6.96,0.0122,Low
C0078,2024-07,26.83,69.05,4.12,4.38,0.0547,Low
C0078,2024-08,19.01,77.63,3.36,3.62,0.036,Low
C0078,2024-09,12.03,83.01,4.96,2.94,0.0473,Low
C0078,2024-10,24.45,71.22,4.33,3.74,0.0599,Low
C0078,2024-11,21.69,75.21,3.1,4.47,0.0199,Low
C0078,2024-12,24.11,71.64,4.25,3.21,0.0396,Low
C0079,2024-01,64.11,9.42,26.47,22.01,0.0309,High
C0079,2024-02,66.79,18.15,15.06,27.58,0.0255,High
C0079,2024-03,43.6,43.88,12.52,29.62,0.1468,High
C0079,2024-04,51.35,25.12,23.53,22.7,0.1146,High
C0079,2024-05,61.11,15.24,23.65,22.36,-0.0222,High
C0079,2024-06,66.9,18.57,14.53,24.46,0.0424,High
C0079,2024-07,48.16,29.33,22.51,25.45,0.1028,High
C0079,2024-08,69.73,19.37,10.9,25.21,0.0032,High
C0079,2024-09,51.95,28.48,19.57,28.72,0.0435,High
C0079,2024-10,40.48,47.89,11.63,16.65,-0.037,High
C0079,2024-11,40.97,36.4,22.63,19.68,0.002,High
C0079,2024-12,50.35,26.37,23.28,29.38,0.0998,High
C0080,2024-01,32.26,64.86,2.88,5.38,0.0371,Low
C0080,2024-02,12.25,84.75,3.0,4.05,0.0397,Low
C0080,2024-03,32.93,65.04,2.03,2.86,0.0403,Low
C0080,2024-04,23.14,73.37,3.49,7.4,0.0688,Low
C0080,2024-05,29.81,66.81,3.38,6.08,0.0469,Low
C0080,2024-06,10.03,88.61,1.36,3.31,0.0392,Low
C0080,2024-07,26.54,70.29,3.17,5.56,0.0665,Low
C0080,2024-08,23.92,74.37,1.71,2.81,0.0335,Low
C0080,2024-09,12.36,83.48,4.16,7.51,0.024,Low
C0080,2024-10,20.06,76.3,3.64,6.68,0.0502,Low
C0080,2024-11,12.96,87.04,0.0,6.27,0.0121,Low
C0080,2024-12,10.32,86.98,2.7,7.11,0.0222,Low
C0081,2024-01,59.8,19.91,20.29,13.53,-0.0031,High
C0081,2024-02,61.25,20.98,17.77,16.33,0.1249,High
C0081,2024-03,43.32,40.38,16.3,13.74,0.1297,High
C0081,2024-04,70.23,0.0,29.77,22.49,-0.067,High
C0081,2024-05,68.44,15.02,16.54,17.5,0.1721,High
C0081,2024-06,63.88,19.82,16.3,14.4,0.0407,High
C0081,2024-07,62.13,25.3,12.57,22.41,0.1502,High
C0081,2024-08,66.37,6.17,27.46,21.0,0.163,High
C0081,2024-09,65.56,12.06,22.38,15.36,0.1858,High
C0081,2024-10,69.75,16.33,13.92,14.26,0.0382,High
C0081,2024-11,73.72,14.12,12.16,20.61,0.1508,High
C0081,2024-12,43.01,45.85,11.14,13.9,0.1616,High
C0082,2024-01,46.33,48.63,5.04,11.74,0.1286,Medium
C0082,2024-02,37.57,56.43,6.0,11.52,0.0553,Medium
C0082,2024-03,56.94,30.53,12.53,11.25,0.0464,Medium
C0082,2024-04,49.23,42.71,8.06,7.71,0.0959,Medium
C0082,2024-05,51.06,39.71,9.23,9.23,0.0562,Medium
C0082,2024-06,52.99,35.88,11.13,8.98,0.0657,Medium
C0082,2024-07,50.27,42.58,7.15,12.81,-0.023,Medium
C0082,2024-08,58.04,36.7,5.26,7.08,0.0403,Medium
C0082,2024-09,47.54,37.86,14.6,9.4,0.0662,Medium
C0082,2024-10,45.18,50.72,4.1,11.92,0.0398,Medium
C0082,2024-11,59.94,32.19,7.87,9.19,0.0438,Medium
C0082,2024-12,56.5,36.11,7.39,9.49,0.0603,Medium
C0083,2024-01,43.26,46.31,10.43,6.55,0.072,Medium
C0083,2024-02,34.54,57.25,8.21,11.42,0.0616,Medium
C0083,2024-03,47.45,45.33,7.22,9.04,0.0548,Medium
C0083,2024-04,34.88,53.57,11.55,7.88,0.0385,Medium
C0083,2024-05,31.76,59.06,9.18,11.36,0.0641,Medium
C0083,2024-06,40.36,47.2,12.44,10.86,0.0986,Medium
C0083,2024-07,32.37,58.27,9.36,14.17,-0.0096,Medium
C0083,2024-08,34.3,61.73,3.97,9.89,0.0281,Medium
C0083,2024-09,47.87,49.08,3.05,14.46,0.0795,Medium
C0083,2024-10,54.86,42.1,3.04,10.29,0.107,Medium
C0083,2024-11,48.91,38.32,12.77,13.05,0.0774,Medium
C0083,2024-12,33.73,52.89,13.38,14.74,0.0586,Medium
C0084,2024-01,28.05,71.75,0.2,4.43,0.0793,Low
C0084,2024-02,33.4,63.24,3.36,4.89,0.0585,Low
C0084,2024-03,30.24,65.01,4.75,2.13,0.0471,Low
C0084,2024-04,13.3,84.5,2.2,5.86,0.0541,Low
C0084,2024-05,19.53,80.2,0.27,5.6,0.0362,Low
C0084,2024-06,15.41,82.38,2.21,2.29,0.0459,Low
C0084,2024-07,30.51,65.36,4.13,5.53,0.0691,Low
C0084,2024-08,23.87,72.0,4.13,5.79,0.0372,Low
C0084,2024-09,29.61,67.4,2.99,4.48,0.0491,Low
C0084,2024-10,25.13,73.77,1.1,5.75,0.0538,Low
C0084,2024-11,24.29,74.79,0.92,2.36,0.0532,Low
C0084,2024-12,23.09,75.78,1.13,6.0,0.0529,Low
C0085,2024-01,21.04,78.14,0.82,3.11,0.037,Low
C0085,2024-02,11.28,86.73,1.99,5.07,0.0189,Low
C0085,2024-03,22.09,76.0,1.91,7.03,0.0437,Low
C0085,2024-04,11.55,88.09,0.36,5.44,0.0171,Low
C0085,2024-05,24.15,71.46,4.39,5.35,0.0502,Low
C0085,2024-06,26.14,73.63,0.23,7.68,0.0125,Low
C0085,2024-07,31.06,67.46,1.48,2.46,0.0466,Low
C0085,2024-08,13.08,84.33,2.59,3.48,0.0388,Low
C0085,2024-09,18.95,76.1,4.95,6.11,0.0633,Low
C0085,2024-10,11.92,88.06,0.02,6.02,-0.002,Low
C0085,2024-11,26.05,71.9,2.05,4.94,0.0401,Low
C0085,2024-12,18.38,80.73,0.89,2.59,0.0398,Low
C0086,2024-01,60.98,14.45,24.57,17.68,0.016,High
C0086,2024-02,43.39,43.03,13.58,26.36,0.0232,High
C0086,2024-03,63.71,15.35,20.94,20.55,0.0317,High
C0086,2024-04,67.39,2.76,29.85,16.33,0.0352,High
C0086,2024-05,70.6,2.79,26.61,16.04,0.0237,High
C0086,2024-06,74.24,12.14,13.62,26.38,-0.0512,High
C0086,2024-07,51.69,23.69,24.62,19.56,0.1559,High
C0086,2024-08,68.14,4.53,27.33,13.07,0.108,High
C0086,2024-09,64.22,22.98,12.8,19.48,-0.0517,High
C0086,2024-10,58.19,11.88,29.93,14.43,0.1428,High
C0086,2024-11,63.64,18.44,17.92,14.39,0.1424,High
C0086,2024-12,56.93,24.7,18.37,18.44,0.0159,High
C0087,2024-01,47.27,48.63,4.1,10.25,0.123,Medium
C0087,2024-02,36.3,52.05,11.65,6.23,0.0919,Medium
C0087,2024-03,40.65,47.21,12.14,11.08,0.0941,Medium
C0087,2024-04,47.02,40.63,12.35,12.62,0.0275,Medium
C0087,2024-05,48.3,43.35,8.35,7.2,0.0527,Medium
C0087,2024-06,47.98,43.34,8.68,8.59,0.024,Medium
C0087,2024-07,30.2,61.35,8.45,8.57,0.0717,Medium
C0087,2024-08,35.23,56.64,8.13,6.82,0.0599,Medium
C0087,2024-09,48.77,42.07,9.16,9.67,0.0932,Medium
C0087,2024-10,35.89,61.82,2.29,13.75,0.0528,Medium
C0087,2024-11,47.31,39.11,13.58,11.37,0.0598,Medium
C0087,2024-12,52.5,33.63,13.87,11.15,0.1168,Medium
C0088,2024-01,16.72,82.29,0.99,3.48,0.045,Low
C0088,2024-02,24.7,73.17,2.13,5.69,0.0136,Low
C0088,2024-03,12.04,87.52,0.44,3.03,0.023,Low
C0088,2024-04,17.08,80.92,2.0,6.87,0.0429,Low
C0088,2024-05,10.34,86.41,3.25,6.01,0.0371,Low
C0088,2024-06,24.11,72.57,3.32,6.07,0.0642,Low
C0088,2024-07,33.3,61.72,4.98,6.32,0.0649,Low
C0088,2024-08,11.23,87.61,1.16,7.38,0.0289,Low
C0088,2024-09,16.41,82.49,1.1,2.83,0.0395,Low
C0088,2024-10,26.87,71.93,1.2,6.55,0.0675,Low
C0088,2024-11,29.0,69.44,1.56,4.46,0.0539,Low
C0088,2024-12,17.58,78.51,3.91,6.6,0.0472,Low
C0089,2024-01,58.97,33.91,7.12,7.18,0.0938,Medium
C0089,2024-02,47.25,48.06,4.69,10.54,0.0875,Medium
C0089,2024-03,39.36,53.08,7.56,11.81,0.0292,Medium
C0089,2024-04,42.16,52.34,5.5,7.79,0.0755,Medium
C0089,2024-05,53.5,32.68,13.82,9.33,0.0851,Medium
C0089,2024-06,55.38,40.24,4.38,14.61,0.0746,Medium
C0089,2024-07,41.3,52.29,6.41,6.56,0.0389,Medium
C0089,2024-08,37.46,56.42,6.12,13.28,0.0547,Medium
C0089,2024-09,56.27,37.8,5.93,13.73,0.0821,Medium
C0089,2024-10,34.41,54.62,10.97,14.51,0.0843,Medium
C0089,2024-11,50.48,43.21,6.31,10.51,0.0679,Medium
C0089,2024-12,33.6,60.34,6.06,13.22,0.1418,Medium
C0090,2024-01,44.8,26.15,29.05,17.92,0.1519,High
C0090,2024-02,68.42,2.67,28.91,17.63,0.1399,High
C0090,2024-03,70.05,17.32,12.63,24.69,0.1428,High
C0090,2024-04,48.83,23.71,27.46,15.04,0.1393,High
C0090,2024-05,41.88,33.77,24.35,20.56,0.0585,High
C0090,2024-06,45.89,27.38,26.73,21.88,0.1539,High
C0090,2024-07,46.62,28.97,24.41,21.2,0.0279,High
C0090,2024-08,69.01,4.4,26.59,24.77,0.2669,High
C0090,2024-09,43.69,29.53,26.78,24.08,0.0133,High
C0090,2024-10,70.77,4.72,24.51,14.03,0.154,High
C0090,2024-11,54.27,18.0,27.73,12.85,0.0932,High
C0090,2024-12,62.1,22.49,15.41,16.48,0.0888,High
C0091,2024-01,50.44,24.05,25.51,19.08,0.1101,High
C0091,2024-02,52.92,29.94,17.14,18.19,0.0792,High
C0091,2024-03,58.22,22.97,18.81,27.84,0.3525,High
C0091,2024-04,44.85,25.5,29.65,16.5,0.2022,High
C0091,2024-05,42.57,34.17,23.26,22.72,-0.0325,High
C0091,2024-06,67.48,18.61,13.91,26.76,-0.063,High
C0091,2024-07,62.71,18.91,18.38,20.24,0.1355,High
C0091,2024-08,57.95,25.63,16.42,22.73,0.0222,High
C0091,2024-09,74.85,6.44,18.71,28.57,0.0506,High
C0091,2024-10,47.15,34.48,18.37,15.95,0.068,High
C0091,2024-11,40.01,31.69,28.3,27.19,0.0257,High
C0091,2024-12,44.21,44.44,11.35,25.03,0.1049,High
C0092,2024-01,55.07,32.55,12.38,21.22,-0.0061,High
C0092,2024-02,61.75,13.88,24.37,13.99,0.0276,High
C0092,2024-03,41.24,28.87,29.89,16.19,0.0813,High
C0092,2024-04,68.09,15.09,16.82,20.0,0.057,High
C0092,2024-05,63.64,16.18,20.18,27.51,0.0685,High
C0092,2024-06,74.61,5.73,19.66,29.76,0.2252,High
C0092,2024-07,66.41,18.62,14.97,21.69,0.0999,High
C0092,2024-08,52.09,37.77,10.14,19.26,0.0357,High
C0092,2024-09,48.21,25.41,26.38,18.07,0.0281,High
C0092,2024-10,48.18,40.46,11.36,15.37,0.0313,High
C0092,2024-11,59.44,24.73,15.83,19.51,0.1326,High
C0092,2024-12,71.68,8.46,19.86,17.94,0.0735,High
C0093,2024-01,33.84,65.86,0.3,3.79,0.0354,Low
C0093,2024-02,14.1,81.98,3.92,2.73,0.0322,Low
C0093,2024-03,25.87,73.51,0.62,2.42,0.045,Low
C0093,2024-04,11.94,83.28,4.78,3.48,0.0553,Low
C0093,2024-05,31.5,67.66,0.84,7.12,0.0469,Low
C0093,2024-06,29.24,66.09,4.67,7.46,0.0429,Low
C0093,2024-07,30.49,65.07,4.44,3.2,0.041,Low
C0093,2024-08,19.42,78.61,1.97,5.27,0.026,Low
C0093,2024-09,13.99,82.55,3.46,3.01,0.0415,Low
C0093,2024-10,29.91,66.39,3.7,5.87,0.0147,Low
C0093,2024-11,13.89,83.37,2.74,2.52,0.0307,Low
C0093,2024-12,11.0,87.63,1.37,7.73,-0.0044,Low
C0094,2024-01,52.33,36.81,10.86,15.22,0.0946,High
C0094,2024-02,44.94,29.79,25.27,13.96,0.0772,High
C0094,2024-03,74.35,8.02,17.63,25.95,0.1815,High
C0094,2024-04,46.72,40.36,12.92,28.89,-0.0591,High
C0094,2024-05,72.12,0.13,27.75,23.26,0.0122,High
C0094,2024-06,62.25,20.63,17.12,14.67,0.0329,High
C0094,2024-07,60.87,12.84,26.29,18.88,0.0762,High
C0094,2024-08,48.31,35.69,16.0,23.57,0.0495,High
C0094,2024-09,61.03,15.05,23.92,18.53,0.0621,High
C0094,2024-10,56.42,17.56,26.02,15.24,0.1138,High
C0094,2024-11,43.85,28.48,27.67,18.17,0.0246,High
C0094,2024-12,41.95,35.85,22.2,16.33,0.1338,High
C0095,2024-01,32.42,63.67,3.91,8.68,0.0507,Medium
C0095,2024-02,33.7,60.3,6.0,14.33,0.0448,Medium
C0095,2024-03,34.85,50.59,14.56,7.85,0.0724,Medium
C0095,2024-04,56.54,34.26,9.2,10.81,0.1229,Medium
C0095,2024-05,35.86,59.98,4.16,14.25,0.006,Medium
C0095,2024-06,52.8,40.8,6.4,14.57,-0.0005,Medium
C0095,2024-07,52.13,38.1,9.77,13.93,0.0037,Medium
C0095,2024-08,52.32,33.73,13.95,9.81,0.0671,Medium
C0095,2024-09,40.26,45.24,14.5,10.0,0.0016,Medium
C0095,2024-10,57.28,33.32,9.4,12.86,0.0637,Medium
C0095,2024-11,54.36,39.2,6.44,9.9,0.0532,Medium
C0095,2024-12,53.82,31.95,14.23,11.61,0.1089,Medium
C0096,2024-01,54.15,32.86,12.99,9.56,0.0691,Medium
C0096,2024-02,50.22,41.93,7.85,12.74,0.0428,Medium
C0096,2024-03,40.71,49.04,10.25,7.68,0.0695,Medium
C0096,2024-04,36.13,58.08,5.79,12.74,0.117,Medium
C0096,2024-05,44.48,50.71,4.81,14.71,0.019,Medium
C0096,2024-06,56.93,34.24,8.83,12.37,-0.027,Medium
C0096,2024-07,37.56,54.63,7.81,7.11,0.0742,Medium
C0096,2024-08,55.17,35.67,9.16,7.38,0.0423,Medium
C0096,2024-09,51.85,38.35,9.8,12.58,-0.0025,Medium
C0096,2024-10,49.45,47.66,2.89,14.08,0.0947,Medium
C0096,2024-11,33.58,60.16,6.26,13.34,-0.0116,Medium
C0096,2024-12,44.2,42.69,13.11,9.06,0.1088,Medium
C0097,2024-01,43.08,31.38,25.54,27.26,0.0593,High
C0097,2024-02,45.79,30.08,24.13,21.64,-0.0012,High
C0097,2024-03,62.24,23.83,13.93,15.81,0.0734,High
C0097,2024-04,59.59,13.25,27.16,24.0,0.0751,High
C0097,2024-05,55.24,15.7,29.06,24.95,0.0962,High
C0097,2024-06,49.06,39.88,11.06,25.07,0.1256,High
C0097,2024-07,44.24,39.7,16.06,21.58,0.2019,High
C0097,2024-08,45.82,36.59,17.59,23.11,0.1635,High
C0097,2024-09,73.95,1.5,24.55,28.61,0.1399,High
C0097,2024-10,46.72,29.95,23.33,23.22,0.1822,High
C0097,2024-11,61.08,19.12,19.8,21.52,0.1,High
C0097,2024-12,46.92,26.98,26.1,15.34,-0.011,High
C0098,2024-01,20.91,75.8,3.29,4.63,0.0506,Low
C0098,2024-02,18.68,76.66,4.66,7.54,0.0064,Low
C0098,2024-03,22.56,75.8,1.64,6.42,0.0427,Low
C0098,2024-04,18.41,76.99,4.6,2.07,0.0413,Low
C0098,2024-05,23.82,72.48,3.7,4.91,0.0816,Low
C0098,2024-06,15.91,81.67,2.42,4.57,0.046,Low
C0098,2024-07,11.87,87.6,0.53,7.02,0.0215,Low
C0098,2024-08,22.63,73.53,3.84,2.37,0.0416,Low
C0098,2024-09,24.42,74.98,0.6,2.22,0.0508,Low
C0098,2024-10,16.56,81.33,2.11,2.24,0.0394,Low
C0098,2024-11,21.23,75.88,2.89,5.43,0.024,Low
C0098,2024-12,12.67,85.5,1.83,2.6,0.0298,Low
C0099,2024-01,71.52,0.0,28.48,27.57,0.2322,High
C0099,2024-02,49.98,27.4,22.62,20.2,0.1307,High
C0099,2024-03,56.87,17.97,25.16,17.07,0.1151,High
C0099,2024-04,41.97,38.32,19.71,28.43,0.0557,High
C0099,2024-05,61.36,17.71,20.93,16.5,0.132,High
C0099,2024-06,59.58,20.13,20.29,13.79,0.067,High
C0099,2024-07,40.56,30.17,29.27,18.79,0.0438,High
C0099,2024-08,63.91,7.44,28.65,22.36,0.1085,High
C0099,2024-09,44.42,33.95,21.63,25.79,0.1526,High
C0099,2024-10,62.71,9.31,27.98,23.22,0.0784,High
C0099,2024-11,44.6,39.21,16.19,15.63,0.0806,High
C0099,2024-12,63.67,20.31,16.02,15.31,0.0947,High
C0100,2024-01,56.59,28.89,14.52,23.1,0.0693,High
C0100,2024-02,56.4,30.64,12.96,29.72,0.0518,High
C0100,2024-03,47.32,40.07,12.61,15.66,0.0497,High
C0100,2024-04,59.79,29.79,10.42,12.62,0.1281,High
C0100,2024-05,55.61,18.06,26.33,27.93,0.0961,High
C0100,2024-06,71.96,10.28,17.76,26.93,0.0179,High
C0100,2024-07,44.68,26.61,28.71,25.53,0.0996,High
C0100,2024-08,52.72,18.52,28.76,16.96,0.1121,High
C0100,2024-09,51.62,24.36,24.02,25.78,0.1349,High
C0100,2024-10,42.24,40.02,17.74,17.09,0.114,High
C0100,2024-11,50.66,19.68,29.66,23.57,0.1766,High
C0100,2024-12,55.21,17.4,27.39,15.25,0.0679,High
C0101,2024-01,47.66,35.82,16.52,25.61,0.1934,High
C0101,2024-02,55.56,19.59,24.85,16.11,0.0136,High
C0101,2024-03,42.04,41.96,16.0,20.54,0.0422,High
C0101,2024-04,54.0,34.85,11.15,22.5,0.0002,High
C0101,2024-05,70.96,16.01,13.03,22.76,0.021,High
C0101,2024-06,64.54,17.25,18.21,21.08,0.1979,High
C0101,2024-07,40.26,35.91,23.83,23.9,0.0708,High
C0101,2024-08,74.27,7.32,18.41,21.04,0.0647,High
C0101,2024-09,71.84,3.81,24.35,22.48,0.1209,High
C0101,2024-10,55.99,24.51,19.5,18.95,0.0991,High
C0101,2024-11,73.84,2.22,23.94,13.5,0.0932,High
C0101,2024-12,42.41,36.6,20.99,19.51,0.1424,High
C0102,2024-01,47.14,26.33,26.53,22.04,-0.0377,High
C0102,2024-02,56.43,16.41,27.16,17.49,0.0967,High
C0102,2024-03,46.75,40.67,12.58,17.36,0.0605,High
C0102,2024-04,47.97,38.71,13.32,17.99,0.1514,High
C0102,2024-05,72.9,10.24,16.86,29.79,-0.0321,High
C0102,2024-06,71.19,9.6,19.21,24.77,0.0841,High
C0102,2024-07,74.43,14.57,11.0,13.74,0.0403,High
C0102,2024-08,46.45,42.76,10.79,12.39,0.1027,High
C0102,2024-09,67.11,20.2,12.69,20.42,-0.0014,High
C0102,2024-10,40.95,33.38,25.67,12.19,0.152,High
C0102,2024-11,66.66,5.47,27.87,19.79,-0.0046,High
C0102,2024-12,53.62,18.63,27.75,28.09,0.3124,High
C0103,2024-01,48.45,37.5,14.05,14.66,-0.0612,Medium
C0103,2024-02,38.36,47.17,14.47,7.29,0.079,Medium
C0103,2024-03,47.4,46.93,5.67,8.51,0.0633,Medium
C0103,2024-04,32.48,63.51,4.01,9.96,0.0323,Medium
C0103,2024-05,45.32,49.32,5.36,8.85,0.0523,Medium
C0103,2024-06,59.0,26.72,14.28,9.01,0.0621,Medium
C0103,2024-07,47.13,39.05,13.82,6.06,0.071,Medium
C0103,2024-08,30.43,64.22,5.35,10.05,0.0685,Medium
C0103,2024-09,50.79,37.68,11.53,14.96,0.0838,Medium
C0103,2024-10,46.0,46.73,7.27,7.52,0.021,Medium
C0103,2024-11,59.33,27.58,13.09,10.48,0.0322,Medium
C0103,2024-12,46.32,42.65,11.03,10.64,0.083,Medium
C0104,2024-01,61.4,21.18,17.42,25.9,0.0508,High
C0104,2024-02,52.14,29.22,18.64,26.07,-0.01,High
C0104,2024-03,56.95,17.17,25.88,22.38,0.1616,High
C0104,2024-04,48.34,37.17,14.49,21.08,0.037,High
C0104,2024-05,49.13,40.69,10.18,23.67,-0.1395,High
C0104,2024-06,73.85,4.73,21.42,27.54,0.1415,High
C0104,2024-07,44.88,33.74,21.38,27.62,0.2133,High
C0104,2024-08,53.02,35.13,11.85,20.24,0.1085,High
C0104,2024-09,53.81,18.85,27.34,16.39,0.0528,High
C0104,2024-10,70.86,0.0,29.14,19.98,0.0257,High
C0104,2024-11,51.24,28.24,20.52,24.38,0.149,High
C0104,2024-12,41.8,47.21,10.99,18.95,0.0129,High
C0105,2024-01,39.47,52.15,8.38,8.89,0.0438,Medium
C0105,2024-02,59.25,33.41,7.34,10.0,0.0394,Medium
C0105,2024-03,47.3,37.92,14.78,8.17,0.0998,Medium
C0105,2024-04,48.22,48.63,3.15,12.09,0.0932,Medium
C0105,2024-05,31.92,58.33,9.75,12.66,0.077,Medium
C0105,2024-06,30.91,56.12,12.97,10.14,0.0479,Medium
C0105,2024-07,36.53,59.73,3.74,14.58,0.1055,Medium
C0105,2024-08,46.35,50.02,3.63,8.61,0.0181,Medium
C0105,2024-09,37.16,58.06,4.78,9.7,0.026,Medium
C0105,2024-10,41.0,51.92,7.08,14.79,0.0902,Medium
C0105,2024-11,58.64,28.96,12.4,8.17,0.0694,Medium
C0105,2024-12,38.0,53.42,8.58,13.0,0.0412,Medium
C0106,2024-01,69.57,13.24,17.19,24.37,0.0564,High
C0106,2024-02,64.55,25.25,10.2,19.37,0.0647,High
C0106,2024-03,51.53,24.6,23.87,25.79,0.1569,High
C0106,2024-04,50.28,30.79,18.93,25.09,0.0335,High
C0106,2024-05,64.25,6.0,29.75,16.05,0.15,High
C0106,2024-06,72.03,14.84,13.13,25.53,0.2046,High
C0106,2024-07,59.89,24.62,15.49,20.54,0.1316,High
C0106,2024-08,71.11,7.5,21.39,23.37,-0.0352,High
C0106,2024-09,58.16,30.82,11.02,16.19,-0.0232,High
C0106,2024-10,46.36,33.56,20.08,17.81,0.0728,High
C0106,2024-11,49.03,31.69,19.28,14.4,0.0516,High
C0106,2024-12,67.15,6.69,26.16,25.82,0.1196,High
C0107,2024-01,26.1,69.73,4.17,5.46,0.0383,Low
C0107,2024-02,23.22,76.61,0.17,5.83,0.0785,Low
C0107,2024-03,12.03,85.79,2.18,3.76,0.0263,Low
C0107,2024-04,27.29,68.73,3.98,2.98,0.0496,Low
C0107,2024-05,12.61,86.66,0.73,7.26,-0.0145,Low
C0107,2024-06,12.67,84.08,3.25,7.21,0.0844,Low
C0107,2024-07,30.7,66.17,3.13,2.45,0.0446,Low
C0107,2024-08,16.5,81.57,1.93,7.66,0.0313,Low
C0107,2024-09,25.26,70.57,4.17,6.26,0.0537,Low
C0107,2024-10,16.87,79.93,3.2,4.05,0.0358,Low
C0107,2024-11,34.94,63.74,1.32,3.67,0.0609,Low
C0107,2024-12,30.91,64.22,4.87,7.85,0.0735,Low
C0108,2024-01,30.55,66.22,3.23,5.88,0.0554,Low
C0108,2024-02,34.56,60.88,4.56,4.63,0.0406,Low
C0108,2024-03,11.0,87.19,1.81,6.96,0.0299,Low
C0108,2024-04,11.38,86.49,2.13,4.81,0.0649,Low
C0108,2024-05,33.21,63.58,3.21,3.87,0.0418,Low
C0108,2024-06,34.31,63.89,1.8,4.87,0.05,Low
C0108,2024-07,18.88,77.71,3.41,5.97,0.0258,Low
C0108,2024-08,17.89,81.48,0.63,5.93,0.0561,Low
C0108,2024-09,10.99,86.02,2.99,7.22,0.0364,Low
C0108,2024-10,21.49,78.13,0.38,6.02,0.0587,Low
C0108,2024-11,30.53,68.25,1.22,4.53,0.051,Low
C0108,2024-12,14.81,84.68,0.51,7.47,0.0026,Low
C0109,2024-01,66.6,22.42,10.98,27.19,-0.0815,High
C0109,2024-02,59.12,29.05,11.83,25.62,0.0152,High
C0109,2024-03,60.39,25.88,13.73,15.39,0.1298,High
C0109,2024-04,40.61,48.41,10.98,22.31,0.0833,High
C0109,2024-05,68.69,14.78,16.53,18.29,-0.001,High
C0109,2024-06,40.94,34.36,24.7,23.26,0.1263,High
C0109,2024-07,60.33,14.84,24.83,24.15,0.0479,High
C0109,2024-08,44.41,42.99,12.6,24.17,-0.0165,High
C0109,2024-09,70.06,0.69,29.25,23.31,0.1227,High
C0109,2024-10,61.64,12.73,25.63,24.66,0.1866,High
C0109,2024-11,69.21,19.67,11.12,25.46,0.0427,High
C0109,2024-12,62.42,21.3,16.28,29.24,0.1471,High
C0110,2024-01,24.5,74.67,0.83,6.27,0.0332,Low
C0110,2024-02,22.36,73.07,4.57,3.27,0.0402,Low
C0110,2024-03,13.61,82.6,3.79,5.0,0.0228,Low
C0110,2024-04,13.92,82.66,3.42,5.56,0.0523,Low
C0110,2024-05,28.87,69.58,1.55,4.69,0.0495,Low
C0110,2024-06,17.31,81.22,1.47,4.13,0.0399,Low
C0110,2024-07,24.12,74.62,1.26,7.49,0.0547,Low
C0110,2024-08,12.59,84.13,3.28,7.44,0.0337,Low
C0110,2024-09,14.22,80.94,4.84,4.72,0.0451,Low
C0110,2024-10,17.54,81.52,0.94,3.82,0.0443,Low
C0110,2024-11,12.32,86.96,0.72,2.63,0.0477,Low
C0110,2024-12,13.54,85.81,0.65,5.86,0.0313,Low
C0111,2024-01,12.44,86.73,0.83,7.54,0.0262,Low
C0111,2024-02,26.39,70.92,2.69,6.06,0.066,Low
C0111,2024-03,27.07,69.79,3.14,3.6,0.0467,Low
C0111,2024-04,32.27,64.88,2.85,6.99,0.038,Low
C0111,2024-05,34.79,64.39,0.82,6.15,0.0621,Low
C0111,2024-06,12.68,83.42,3.9,7.46,0.0268,Low
C0111,2024-07,19.57,77.28,3.15,4.58,0.0185,Low
C0111,2024-08,29.05,66.27,4.68,7.64,0.0364,Low
C0111,2024-09,14.37,81.26,4.37,6.42,0.0405,Low
C0111,2024-10,16.7,78.74,4.56,5.8,0.0428,Low
C0111,2024-11,28.02,70.69,1.29,6.32,0.0441,Low
C0111,2024-12,25.67,73.6,0.73,6.94,0.0375,Low
C0112,2024-01,26.3,71.67,2.03,5.58,0.0415,Low
C0112,2024-02,30.49,64.51,5.0,3.27,0.0555,Low
C0112,2024-03,16.63,80.06,3.31,7.79,0.0424,Low
C0112,2024-04,29.88,69.44,0.68,7.86,0.066,Low
C0112,2024-05,34.11,65.07,0.82,3.8,0.0448,Low
C0112,2024-06,30.4,67.71,1.89,2.53,0.0437,Low
C0112,2024-07,18.55,76.54,4.91,5.78,0.0246,Low
C0112,2024-08,34.66,61.24,4.1,3.69,0.0489,Low
C0112,2024-09,11.75,87.97,0.28,2.72,0.0421,Low
C0112,2024-10,22.42,73.37,4.21,4.68,0.0482,Low
C0112,2024-11,27.71,68.63,3.66,3.04,0.0607,Low
C0112,2024-12,11.77,86.42,1.81,5.21,0.0165,Low
C0113,2024-01,56.61,17.07,26.32,19.78,0.1149,High
C0113,2024-02,71.03,10.75,18.22,22.88,0.1773,High
C0113,2024-03,62.05,19.6,18.35,14.6,0.0679,High
C0113,2024-04,47.4,27.88,24.72,17.76,0.1094,High
C0113,2024-05,57.71,29.04,13.25,29.28,0.2014,High
C0113,2024-06,45.04,44.79,10.17,12.36,0.0457,High
C0113,2024-07,60.53,20.36,19.11,21.32,0.0821,High
C0113,2024-08,65.14,16.01,18.85,25.18,0.0772,High
C0113,2024-09,48.16,25.58,26.26,22.59,0.0404,High
C0113,2024-10,61.98,11.42,26.6,19.48,0.0501,High
C0113,2024-11,49.04,23.62,27.34,24.05,0.0383,High
C0113,2024-12,47.15,30.31,22.54,18.46,-0.0808,High
C0114,2024-01,56.8,23.48,19.72,22.19,0.1985,High
C0114,2024-02,60.52,19.63,19.85,15.46,0.066,High
C0114,2024-03,56.23,28.85,14.92,28.47,0.1074,High
C0114,2024-04,58.66,18.71,22.63,21.77,0.0778,High
C0114,2024-05,44.52,37.96,17.52,13.78,0.0356,High
C0114,2024-06,67.23,18.36,14.41,14.96,0.1755,High
C0114,2024-07,54.22,17.25,28.53,24.79,0.1329,High
C0114,2024-08,42.95,27.36,29.69,24.0,-0.1017,High
C0114,2024-09,49.99,28.29,21.72,13.97,0.0283,High
C0114,2024-10,65.11,9.35,25.54,24.12,0.1461,High
C0114,2024-11,61.51,10.64,27.85,13.42,0.0469,High
C0114,2024-12,74.58,7.63,17.79,25.19,0.029,High
C0115,2024-01,36.36,58.53,5.11,8.53,0.0174,Medium
C0115,2024-02,30.59,55.98,13.43,14.69,0.0401,Medium
C0115,2024-03,40.25,53.35,6.4,6.06,0.0751,Medium
C0115,2024-04,34.39,61.53,4.08,13.11,0.0728,Medium
C0115,2024-05,48.49,48.93,2.58,11.6,0.0228,Medium
C0115,2024-06,53.09,34.37,12.54,9.6,0.03,Medium
C0115,2024-07,58.42,34.3,7.28,12.95,0.1051,Medium
C0115,2024-08,57.23,39.63,3.14,14.43,0.0607,Medium
C0115,2024-09,54.76,32.95,12.29,7.81,0.0817,Medium
C0115,2024-10,38.67,46.95,14.38,6.45,0.0735,Medium
C0115,2024-11,34.5,56.51,8.99,11.18,0.0823,Medium
C0115,2024-12,49.98,37.33,12.69,6.12,0.0723,Medium
C0116,2024-01,43.78,47.73,8.49,6.65,0.0628,Medium
C0116,2024-02,52.95,38.74,8.31,7.34,0.1104,Medium
C0116,2024-03,49.45,46.31,4.24,13.85,0.0148,Medium
C0116,2024-04,58.87,32.39,8.74,6.66,0.0771,Medium
C0116,2024-05,48.81,45.9,5.29,13.23,-0.0623,Medium
C0116,2024-06,52.61,43.67,3.72,10.92,0.065,Medium
C0116,2024-07,46.39,50.45,3.16,9.76,0.0741,Medium
C0116,2024-08,33.87,54.77,11.36,6.91,0.0529,Medium
C0116,2024-09,48.69,44.68,6.63,13.1,0.0883,Medium
C0116,2024-10,37.07,51.65,11.28,13.86,0.0095,Medium
C0116,2024-11,33.8,52.93,13.27,11.34,0.056,Medium
C0116,2024-12,34.83,54.07,11.1,12.83,0.0211,Medium
C0117,2024-01,22.66,73.27,4.07,7.62,0.061,Low
C0117,2024-02,23.39,74.64,1.97,7.09,0.0445,Low
C0117,2024-03,22.32,75.32,2.36,4.94,0.0481,Low
C0117,2024-04,20.08,78.25,1.67,4.95,0.0464,Low
C0117,2024-05,24.32,74.49,1.19,6.76,0.0012,Low
C0117,2024-06,12.67,86.14,1.19,7.7,0.0338,Low
C0117,2024-07,17.63,81.53,0.84,4.76,0.0468,Low
C0117,2024-08,23.8,74.42,1.78,4.68,0.0167,Low
C0117,2024-09,34.13,63.98,1.89,3.55,0.0465,Low
C0117,2024-10,28.99,69.98,1.03,6.26,0.0158,Low
C0117,2024-11,10.53,87.38,2.09,6.66,0.0529,Low
C0117,2024-12,15.12,81.17,3.71,2.31,0.0287,Low
C0118,2024-01,46.93,25.58,27.49,18.35,0.0347,High
C0118,2024-02,71.71,15.76,12.53,15.21,0.1337,High
C0118,2024-03,57.25,31.11,11.64,15.53,0.1043,High
C0118,2024-04,59.07,25.54,15.39,24.64,0.0633,High
C0118,2024-05,63.06,7.16,29.78,16.77,0.0782,High
C0118,2024-06,43.98,45.94,10.08,29.99,0.0772,High
C0118,2024-07,68.08,6.19,25.73,21.18,0.0434,High
C0118,2024-08,49.96,32.52,17.52,25.61,0.0403,High
C0118,2024-09,58.89,29.56,11.55,12.32,0.066,High
C0118,2024-10,72.66,4.59,22.75,26.43,0.0237,High
C0118,2024-11,56.33,26.44,17.23,13.95,0.0912,High
C0118,2024-12,45.88,33.87,20.25,20.77,0.1017,High
C0119,2024-01,58.38,32.08,9.54,10.86,0.099,Medium
C0119,2024-02,34.08,53.05,12.87,7.39,0.0835,Medium
C0119,2024-03,39.03,55.73,5.24,9.35,0.0537,Medium
C0119,2024-04,42.22,42.95,14.83,6.5,0.0361,Medium
C0119,2024-05,34.26,63.05,2.69,11.63,0.1577,Medium
C0119,2024-06,46.85,48.93,4.22,7.78,0.0902,Medium
C0119,2024-07,39.56,50.72,9.72,7.89,0.0453,Medium
C0119,2024-08,34.07,62.04,3.89,12.28,0.0874,Medium
C0119,2024-09,49.28,38.54,12.18,14.44,0.0323,Medium
C0119,2024-10,37.3,49.75,12.95,7.88,0.0754,Medium
C0119,2024-11,32.18,56.68,11.14,9.62,0.066,Medium
C0119,2024-12,32.71,52.97,14.32,8.33,0.0794,Medium
C0120,2024-01,42.06,55.27,2.67,10.47,0.0463,Medium
C0120,2024-02,40.52,47.43,12.05,13.23,0.0264,Medium
C0120,2024-03,34.6,58.63,6.77,9.36,0.0661,Medium
C0120,2024-04,51.22,44.31,4.47,9.3,0.0486,Medium
C0120,2024-05,33.17,56.66,10.17,7.09,0.0871,Medium
C0120,2024-06,57.34,33.46,9.2,7.57,0.0274,Medium
C0120,2024-07,41.36,45.68,12.96,11.8,0.0978,Medium
C0120,2024-08,56.82,29.22,13.96,6.85,0.0827,Medium
C0120,2024-09,46.32,42.05,11.63,12.81,0.0234,Medium
C0120,2024-10,53.92,34.72,11.36,6.78,0.078,Medium
C0120,2024-11,43.92,51.82,4.26,9.04,0.0557,Medium
C0120,2024-12,46.5,43.45,10.05,11.97,0.0564,Medium
C0121,2024-01,47.54,40.05,12.41,27.33,0.0689,High
C0121,2024-02,74.35,13.7,11.95,17.46,0.1459,High
C0121,2024-03,62.34,20.66,17.0,28.71,0.0887,High
C0121,2024-04,60.68,16.27,23.05,16.6,0.0517,High
C0121,2024-05,52.76,20.37,26.87,15.51,0.0998,High
C0121,2024-06,66.68,9.05,24.27,15.74,0.1516,High
C0121,2024-07,59.91,12.74,27.35,19.78,0.0897,High
C0121,2024-08,45.0,37.21,17.79,29.13,0.1178,High
C0121,2024-09,51.19,21.45,27.36,27.86,0.0336,High
C0121,2024-10,65.36,18.41,16.23,26.09,0.0637,High
C0121,2024-11,55.49,24.8,19.71,26.0,0.0027,High
C0121,2024-12,53.16,29.49,17.35,21.47,-0.057,High
C0122,2024-01,52.66,26.85,20.49,24.07,0.014,High
C0122,2024-02,72.67,2.86,24.47,22.39,0.0312,High
C0122,2024-03,62.67,26.74,10.59,23.13,0.2832,High
C0122,2024-04,52.58,35.79,11.63,15.48,0.0993,High
C0122,2024-05,73.28,8.55,18.17,20.4,0.1076,High
C0122,2024-06,57.81,27.33,14.86,25.41,0.2126,High
C0122,2024-07,45.89,40.31,13.8,20.29,0.0098,High
C0122,2024-08,62.58,14.4,23.02,26.84,0.0221,High
C0122,2024-09,54.62,33.92,11.46,16.93,0.074,High
C0122,2024-10,64.84,25.01,10.15,21.33,0.0928,High
C0122,2024-11,41.32,37.3,21.38,28.57,0.08,High
C0122,2024-12,56.04,15.06,28.9,24.12,0.1285,High
C0123,2024-01,21.64,77.16,1.2,4.82,0.0752,Low
C0123,2024-02,18.92,80.26,0.82,5.02,0.0219,Low
C0123,2024-03,30.76,65.92,3.32,4.03,0.0582,Low
C0123,2024-04,34.2,61.35,4.45,5.6,0.0615,Low
C0123,2024-05,23.25,76.61,0.14,3.48,0.0646,Low
C0123,2024-06,23.93,72.36,3.71,3.68,0.0388,Low
C0123,2024-07,24.12,75.44,0.44,4.48,0.0537,Low
C0123,2024-08,34.77,63.84,1.39,4.99,0.0651,Low
C0123,2024-09,18.24,79.56,2.2,7.14,0.0574,Low
C0123,2024-10,15.08,80.55,4.37,2.36,0.0453,Low
C0123,2024-11,32.21,66.14,1.65,3.89,0.0564,Low
C0123,2024-12,11.2,87.04,1.76,7.14,0.0381,Low
C0124,2024-01,35.98,56.5,7.52,9.47,0.0611,Medium
C0124,2024-02,45.15,40.0,14.85,10.19,0.0773,Medium
C0124,2024-03,31.75,62.84,5.41,9.92,0.0294,Medium
C0124,2024-04,47.72,40.9,11.38,14.47,0.1061,Medium
C0124,2024-05,56.45,34.85,8.7,12.97,0.1365,Medium
C0124,2024-06,33.44,62.92,3.64,10.77,0.1175,Medium
C0124,2024-07,38.07,59.66,2.27,12.51,0.055,Medium
C0124,2024-08,46.18,39.23,14.59,10.36,0.0574,Medium
C0124,2024-09,31.91,58.92,9.17,13.57,0.0825,Medium
C0124,2024-10,35.74,54.26,10.0,9.65,0.0518,Medium
C0124,2024-11,31.24,62.25,6.51,8.39,0.0613,Medium
C0124,2024-12,38.04,49.41,12.55,6.5,0.0666,Medium
C0125,2024-01,32.12,53.74,14.14,12.9,0.1028,Medium
C0125,2024-02,49.42,35.98,14.6,12.43,0.0909,Medium
C0125,2024-03,57.74,33.54,8.72,7.05,0.0466,Medium
C0125,2024-04,47.78,43.95,8.27,11.6,0.0666,Medium
C0125,2024-05,30.3,65.17,4.53,10.42,0.0464,Medium
C0125,2024-06,42.73,45.98,11.29,11.43,0.0827,Medium
C0125,2024-07,38.97,53.69,7.34,7.96,0.0521,Medium
C0125,2024-08,36.65,51.2,12.15,7.81,0.0613,Medium
C0125,2024-09,32.4,59.43,8.17,6.09,0.0587,Medium
C0125,2024-10,55.64,33.48,10.88,6.47,0.0728,Medium
C0125,2024-11,53.49,33.52,12.99,13.19,0.0097,Medium
C0125,2024-12,55.36,33.19,11.45,14.83,0.0737,Medium
C0126,2024-01,15.64,83.3,1.06,6.76,0.0305,Low
C0126,2024-02,31.04,66.19,2.77,7.41,0.0724,Low
C0126,2024-03,33.15,66.8,0.05,2.45,0.0525,Low
C0126,2024-04,32.21,65.49,2.3,5.64,0.029,Low
C0126,2024-05,14.72,81.26,4.02,7.8,0.0413,Low
C0126,2024-06,12.15,85.05,2.8,5.02,0.013,Low
C0126,2024-07,13.61,84.18,2.21,4.0,0.0701,Low
C0126,2024-08,10.21,85.98,3.81,6.28,0.0519,Low
C0126,2024-09,19.16,80.58,0.26,6.53,0.0205,Low
C0126,2024-10,24.43,74.8,0.77,4.14,0.0363,Low
C0126,2024-11,27.43,69.77,2.8,4.32,0.0672,Low
C0126,2024-12,10.15,89.46,0.39,7.29,-0.0081,Low
C0127,2024-01,27.67,67.73,4.6,3.62,0.0607,Low
C0127,2024-02,32.04,63.25,4.71,6.44,0.0139,Low
C0127,2024-03,12.16,84.49,3.35,4.46,0.0316,Low
C0127,2024-04,14.78,81.27,3.95,4.72,0.0415,Low
C0127,2024-05,17.54,80.54,1.92,7.13,0.023,Low
C0127,2024-06,12.94,85.8,1.26,7.52,0.0589,Low
C0127,2024-07,24.54,72.79,2.67,5.58,0.0649,Low
C0127,2024-08,23.09,76.33,0.58,2.77,0.038,Low
C0127,2024-09,23.42,71.9,4.68,3.85,0.0515,Low
C0127,2024-10,16.2,83.62,0.18,2.61,0.0423,Low
C0127,2024-11,28.21,70.79,1.0,4.23,0.068,Low
C0127,2024-12,12.83,85.14,2.03,4.91,0.039,Low
C0128,2024-01,54.55,41.22,4.23,13.27,0.0835,Medium
C0128,2024-02,50.98,41.66,7.36,7.25,0.1042,Medium
C0128,2024-03,49.97,41.21,8.82,11.75,0.0894,Medium
C0128,2024-04,47.62,49.27,3.11,10.05,0.0494,Medium
C0128,2024-05,52.69,34.99,12.32,10.45,0.0617,Medium
C0128,2024-06,42.32,44.0,13.68,14.07,0.0891,Medium
C0128,2024-07,50.57,36.26,13.17,6.8,0.0629,Medium
C0128,2024-08,35.35,59.54,5.11,9.76,0.0777,Medium
C0128,2024-09,37.53,56.3,6.17,7.21,0.0694,Medium
C0128,2024-10,43.25,50.24,6.51,12.72,-0.0064,Medium
C0128,2024-11,56.8,31.36,11.84,8.99,0.0549,Medium
C0128,2024-12,33.91,59.6,6.49,13.27,0.0732,Medium
C0129,2024-01,11.58,87.76,0.66,7.15,0.0079,Low
C0129,2024-02,23.88,73.48,2.64,5.93,0.058,Low
C0129,2024-03,15.83,79.85,4.32,3.86,0.0261,Low
C0129,2024-04,23.59,76.05,0.36,6.74,0.0167,Low
C0129,2024-05,15.44,81.17,3.39,6.82,0.0749,Low
C0129,2024-06,26.54,71.68,1.78,6.85,0.054,Low
C0129,2024-07,17.36,79.78,2.86,6.47,0.0131,Low
C0129,2024-08,21.48,74.43,4.09,7.58,0.0248,Low
C0129,2024-09,23.62,73.07,3.31,7.42,0.0411,Low
C0129,2024-10,27.72,68.16,4.12,7.14,0.0421,Low
C0129,2024-11,20.37,79.18,0.45,4.63,0.0302,Low
C0129,2024-12,29.3,70.32,0.38,6.97,0.0246,Low
C0130,2024-01,47.88,48.95,3.17,9.04,0.0529,Medium
C0130,2024-02,36.71,49.16,14.13,9.1,0.1028,Medium
C0130,2024-03,34.83,55.85,9.32,14.49,0.0662,Medium
C0130,2024-04,55.86,35.94,8.2,14.95,0.0245,Medium
C0130,2024-05,50.38,46.66,2.96,14.94,-0.0134,Medium
C0130,2024-06,46.73,47.31,5.96,6.78,0.0463,Medium
C0130,2024-07,30.05,62.11,7.84,13.53,0.0136,Medium
C0130,2024-08,34.8,61.07,4.13,8.57,0.0273,Medium
C0130,2024-09,53.79,32.44,13.77,14.78,0.0927,Medium
C0130,2024-10,39.84,56.69,3.47,13.83,0.0414,Medium
C0130,2024-11,49.08,46.78,4.14,9.87,0.0891,Medium
C0130,2024-12,43.6,41.54,14.86,6.49,0.0521,Medium
C0131,2024-01,44.46,47.0,8.54,8.84,0.0788,Medium
C0131,2024-02,58.16,29.37,12.47,13.66,0.0894,Medium
C0131,2024-03,46.51,40.75,12.74,8.73,0.0258,Medium
C0131,2024-04,44.02,50.27,5.71,14.65,0.0191,Medium
C0131,2024-05,39.39,57.34,3.27,10.74,0.0475,Medium
C0131,2024-06,42.99,44.61,12.4,12.66,0.0095,Medium
C0131,2024-07,42.79,50.87,6.34,8.85,0.0299,Medium
C0131,2024-08,37.07,48.81,14.12,13.74,0.0627,Medium
C0131,2024-09,51.29,40.44,8.27,10.68,0.0851,Medium
C0131,2024-10,35.91,59.31,4.78,12.08,0.0335,Medium
C0131,2024-11,42.15,43.74,14.11,6.8,0.0852,Medium
C0131,2024-12,57.13,38.84,4.03,9.3,0.064,Medium
C0132,2024-01,34.79,50.63,14.58,14.23,0.0497,Medium
C0132,2024-02,43.46,46.75,9.79,6.65,0.0376,Medium
C0132,2024-03,36.8,49.09,14.11,14.18,0.1118,Medium
C0132,2024-04,38.26,47.92,13.82,11.71,0.0138,Medium
C0132,2024-05,32.15,54.03,13.82,14.62,0.0654,Medium
C0132,2024-06,39.1,53.79,7.11,7.62,0.0395,Medium
C0132,2024-07,47.35,38.2,14.45,10.53,0.0776,Medium
C0132,2024-08,40.2,46.67,13.13,9.91,0.0444,Medium
C0132,2024-09,35.79,59.73,4.48,12.92,0.0873,Medium
C0132,2024-10,36.18,57.64,6.18,10.19,0.032,Medium
C0132,2024-11,58.3,27.59,14.11,7.86,0.053,Medium
C0132,2024-12,45.3,46.71,7.99,14.11,0.0455,Medium
C0133,2024-01,53.43,26.74,19.83,28.13,0.0154,High
C0133,2024-02,48.04,37.97,13.99,12.68,0.0033,High
C0133,2024-03,62.52,22.23,15.25,12.94,0.1063,High
C0133,2024-04,69.8,10.54,19.66,19.49,0.0527,High
C0133,2024-05,74.23,11.76,14.01,15.88,0.0434,High
C0133,2024-06,53.27,18.51,28.22,23.08,0.053,High
C0133,2024-07,54.42,16.89,28.69,12.87,0.104,High
C0133,2024-08,61.55,27.66,10.79,19.25,-0.0075,High
C0133,2024-09,62.72,13.32,23.96,23.49,0.0458,High
C0133,2024-10,54.94,32.48,12.58,29.06,0.0484,High
C0133,2024-11,56.63,27.02,16.35,25.79,-0.0743,High
C0133,2024-12,68.42,4.24,27.34,24.11,0.0955,High
C0134,2024-01,24.15,72.03,3.82,2.82,0.0502,Low
C0134,2024-02,10.51,85.73,3.76,4.84,0.0355,Low
C0134,2024-03,21.16,78.8,0.04,6.92,0.0535,Low
C0134,2024-04,26.94,69.55,3.51,7.74,-0.0018,Low
C0134,2024-05,23.28,74.72,2.0,7.72,0.0122,Low
C0134,2024-06,13.16,82.63,4.21,4.17,0.0537,Low
C0134,2024-07,26.52,71.13,2.35,3.19,0.0401,Low
C0134,2024-08,20.34,76.93,2.73,4.62,0.0455,Low
C0134,2024-09,28.72,67.14,4.14,6.63,0.064,Low
C0134,2024-10,30.88,64.91,4.21,3.82,0.0512,Low
C0134,2024-11,20.74,76.91,2.35,2.94,0.0363,Low
C0134,2024-12,12.09,83.27,4.64,5.48,0.0287,Low
C0135,2024-01,57.35,36.16,6.49,11.59,0.084,Medium
C0135,2024-02,40.52,52.58,6.9,10.8,0.0788,Medium
C0135,2024-03,30.0,64.86,5.14,7.87,0.069,Medium
C0135,2024-04,38.39,57.12,4.49,10.54,0.0352,Medium
C0135,2024-05,55.97,38.89,5.14,6.71,0.0902,Medium
C0135,2024-06,46.52,40.86,12.62,14.64,0.0355,Medium
C0135,2024-07,53.78,36.37,9.85,10.44,0.0356,Medium
C0135,2024-08,50.0,44.3,5.7,11.27,0.0499,Medium
C0135,2024-09,47.61,44.6,7.79,13.53,0.0483,Medium
C0135,2024-10,46.13,43.24,10.63,13.06,0.0003,Medium
C0135,2024-11,41.84,47.76,10.4,7.36,0.0596,Medium
C0135,2024-12,51.89,45.85,2.26,7.85,0.0737,Medium
C0136,2024-01,56.35,34.8,8.85,14.37,-0.0105,Medium
C0136,2024-02,33.6,53.97,12.43,8.22,-0.0152,Medium
C0136,2024-03,56.99,29.17,13.84,14.49,0.1628,Medium
C0136,2024-04,53.36,42.94,3.7,11.41,0.069,Medium
C0136,2024-05,31.03,60.5,8.47,7.39,0.0451,Medium
C0136,2024-06,42.97,46.93,10.1,6.67,0.0411,Medium
C0136,2024-07,45.11,50.52,4.37,11.17,0.086,Medium
C0136,2024-08,52.15,41.49,6.36,12.89,0.1424,Medium
C0136,2024-09,42.99,48.72,8.29,11.83,0.0075,Medium
C0136,2024-10,32.58,64.24,3.18,14.31,0.0908,Medium
C0136,2024-11,50.68,45.67,3.65,9.21,0.0918,Medium
C0136,2024-12,31.31,63.61,5.08,14.01,0.0652,Medium
C0137,2024-01,15.03,80.17,4.8,5.68,0.0401,Low
C0137,2024-02,10.71,88.07,1.22,7.29,0.0346,Low
C0137,2024-03,20.4,76.0,3.6,7.51,0.0159,Low
C0137,2024-04,22.93,72.53,4.54,6.83,0.0392,Low
C0137,2024-05,11.65,84.89,3.46,5.43,0.0569,Low
C0137,2024-06,20.25,77.34,2.41,2.42,0.0437,Low
C0137,2024-07,16.96,81.42,1.62,7.67,0.0331,Low
C0137,2024-08,26.78,72.41,0.81,4.92,0.0181,Low
C0137,2024-09,28.47,67.2,4.33,5.76,0.0354,Low
C0137,2024-10,33.65,65.69,0.66,6.65,0.0549,Low
C0137,2024-11,16.62,78.71,4.67,6.32,0.0291,Low
C0137,2024-12,21.08,75.83,3.09,6.62,0.0583,Low
C0138,2024-01,34.06,61.49,4.45,3.62,0.0532,Low
C0138,2024-02,21.55,76.88,1.57,5.49,0.0644,Low
C0138,2024-03,28.25,69.7,2.05,5.78,0.0652,Low
C0138,2024-04,11.3,84.4,4.3,4.75,0.0552,Low
C0138,2024-05,16.56,82.23,1.21,4.9,0.0357,Low
C0138,2024-06,28.75,70.77,0.48,4.86,0.0577,Low
C0138,2024-07,34.79,61.36,3.85,3.26,0.0365,Low
C0138,2024-08,20.24,75.86,3.9,6.63,0.045,Low
C0138,2024-09,15.7,79.69,4.61,5.56,0.044,Low
C0138,2024-10,25.13,72.07,2.8,4.92,0.0107,Low
C0138,2024-11,22.63,76.49,0.88,6.88,0.02,Low
C0138,2024-12,29.16,66.18,4.66,7.68,0.053,Low
C0139,2024-01,34.06,57.2,8.74,7.01,0.0457,Medium
C0139,2024-02,41.5,46.17,12.33,10.11,0.0202,Medium
C0139,2024-03,35.13,59.4,5.47,10.58,0.0647,Medium
C0139,2024-04,46.97,41.74,11.29,14.44,0.0217,Medium
C0139,2024-05,57.37,28.33,14.3,8.2,0.066,Medium
C0139,2024-06,56.85,28.51,14.64,13.73,0.0453,Medium
C0139,2024-07,33.3,52.38,14.32,9.81,0.0631,Medium
C0139,2024-08,31.38,59.55,9.07,9.05,0.0507,Medium
C0139,2024-09,44.2,45.83,9.97,13.82,0.032,Medium
C0139,2024-10,54.59,31.64,13.77,7.08,0.1141,Medium
C0139,2024-11,45.96,48.34,5.7,6.42,0.0763,Medium
C0139,2024-12,34.89,52.55,12.56,13.68,0.0789,Medium
C0140,2024-01,49.28,22.64,28.08,17.77,0.0549,High
C0140,2024-02,41.53,34.06,24.41,20.0,0.0844,High
C0140,2024-03,48.97,37.22,13.81,24.06,0.048,High
C0140,2024-04,52.43,31.16,16.41,29.35,-0.1359,High
C0140,2024-05,62.45,27.08,10.47,19.74,0.0513,High
C0140,2024-06,43.31,31.52,25.17,22.91,0.1311,High
C0140,2024-07,59.96,28.97,11.07,14.53,0.019,High
C0140,2024-08,57.64,21.46,20.9,17.1,0.1107,High
C0140,2024-09,73.16,0.0,26.84,25.0,0.0054,High
C0140,2024-10,74.24,12.59,13.17,20.77,0.0813,High
C0140,2024-11,52.74,24.47,22.79,14.32,0.0126,High
C0140,2024-12,71.07,18.12,10.81,28.45,0.0348,High
C0141,2024-01,50.41,23.8,25.79,12.56,0.0873,High
C0141,2024-02,50.62,32.13,17.25,13.2,0.0965,High
C0141,2024-03,74.62,14.59,10.79,23.79,0.125,High
C0141,2024-04,48.61,30.75,20.64,20.68,0.0741,High
C0141,2024-05,64.6,24.04,11.36,15.49,0.1083,High
C0141,2024-06,46.62,31.91,21.47,15.87,0.0393,High
C0141,2024-07,70.16,1.0,28.84,21.33,0.0208,High
C0141,2024-08,41.74,42.89,15.37,23.78,0.0205,High
C0141,2024-09,58.68,12.44,28.88,19.13,0.0879,High
C0141,2024-10,57.94,26.7,15.36,20.19,0.195,High
C0141,2024-11,56.48,19.39,24.13,28.93,0.0625,High
C0141,2024-12,57.37,21.74,20.89,15.03,0.079,High
C0142,2024-01,72.03,0.0,27.97,15.55,0.1173,High
C0142,2024-02,55.89,23.3,20.81,27.29,0.1398,High
C0142,2024-03,56.81,25.73,17.46,20.88,-0.0015,High
C0142,2024-04,71.54,4.98,23.48,23.4,0.117,High
C0142,2024-05,43.49,34.43,22.08,14.18,0.0805,High
C0142,2024-06,54.09,24.13,21.78,13.61,0.0497,High
C0142,2024-07,55.08,31.42,13.5,29.77,0.2376,High
C0142,2024-08,51.39,36.72,11.89,29.57,0.123,High
C0142,2024-09,50.02,31.5,18.48,23.7,-0.0483,High
C0142,2024-10,42.16,44.59,13.25,28.11,0.0915,High
C0142,2024-11,64.01,20.99,15.0,13.18,0.1066,High
C0142,2024-12,54.16,28.57,17.27,15.9,0.1623,High
C0143,2024-01,59.12,36.6,4.28,11.37,0.0138,Medium
C0143,2024-02,37.62,49.65,12.73,10.37,-0.002,Medium
C0143,2024-03,46.3,47.74,5.96,7.64,0.0659,Medium
C0143,2024-04,35.89,53.14,10.97,9.51,0.0477,Medium
C0143,2024-05,42.47,49.43,8.1,9.31,0.0525,Medium
C0143,2024-06,49.91,39.43,10.66,8.58,0.0515,Medium
C0143,2024-07,43.81,51.68,4.51,7.89,0.0418,Medium
C0143,2024-08,38.38,57.96,3.66,11.75,0.029,Medium
C0143,2024-09,32.26,64.0,3.74,11.8,0.0956,Medium
C0143,2024-10,46.72,47.95,5.33,11.86,0.0249,Medium
C0143,2024-11,33.49,57.54,8.97,9.93,0.0775,Medium
C0143,2024-12,56.14,28.87,14.99,11.47,0.0244,Medium
C0144,2024-01,36.76,57.9,5.34,10.32,0.0769,Medium
C0144,2024-02,41.05,52.1,6.85,9.45,0.0523,Medium
C0144,2024-03,55.1,34.44,10.46,11.53,0.1055,Medium
C0144,2024-04,31.15,55.53,13.32,10.61,0.0446,Medium
C0144,2024-05,41.95,49.59,8.46,12.01,-0.0106,Medium
C0144,2024-06,34.15,58.14,7.71,10.47,0.0351,Medium
C0144,2024-07,42.11,47.07,10.82,9.79,0.067,Medium
C0144,2024-08,54.23,42.35,3.42,9.58,0.0747,Medium
C0144,2024-09,40.11,50.49,9.4,13.75,0.0449,Medium
C0144,2024-10,50.06,40.88,9.06,13.5,0.0856,Medium
C0144,2024-11,33.75,62.56,3.69,11.01,0.0475,Medium
C0144,2024-12,39.81,50.3,9.89,14.37,0.088,Medium
C0145,2024-01,74.84,14.71,10.45,14.03,0.1297,High
C0145,2024-02,49.99,35.23,14.78,26.17,0.1044,High
C0145,2024-03,41.97,40.64,17.39,21.1,0.1778,High
C0145,2024-04,52.42,25.33,22.25,22.54,0.1128,High
C0145,2024-05,59.17,18.02,22.81,16.67,0.087,High
C0145,2024-06,69.41,6.56,24.03,26.2,-0.0279,High
C0145,2024-07,52.29,29.62,18.09,19.09,0.0857,High
C0145,2024-08,45.84,43.23,10.93,26.03,0.068,High
C0145,2024-09,48.84,24.57,26.59,24.67,0.0772,High
C0145,2024-10,63.17,17.53,19.3,23.35,0.127,High
C0145,2024-11,55.74,30.49,13.77,21.14,0.1612,High
C0145,2024-12,65.74,10.98,23.28,14.04,0.0961,High
C0146,2024-01,45.01,41.37,13.62,14.28,0.0642,Medium
C0146,2024-02,46.26,49.81,3.93,12.72,0.0434,Medium
C0146,2024-03,30.25,65.56,4.19,11.23,0.0654,Medium
C0146,2024-04,51.17,38.1,10.73,9.55,0.0751,Medium
C0146,2024-05,30.04,66.4,3.56,10.81,0.0224,Medium
C0146,2024-06,51.92,39.3,8.78,6.67,0.1018,Medium
C0146,2024-07,35.76,51.32,12.92,12.52,0.0986,Medium
C0146,2024-08,35.3,55.16,9.54,14.14,0.0072,Medium
C0146,2024-09,39.61,49.68,10.71,7.69,0.0281,Medium
C0146,2024-10,36.34,57.59,6.07,7.61,0.0816,Medium
C0146,2024-11,57.06,35.78,7.16,8.21,0.0201,Medium
C0146,2024-12,52.33,33.04,14.63,9.94,0.0574,Medium
C0147,2024-01,59.81,27.05,13.14,24.43,0.2353,High
C0147,2024-02,71.14,10.05,18.81,28.22,0.1046,High
C0147,2024-03,66.28,13.95,19.77,22.86,0.0651,High
C0147,2024-04,51.43,26.1,22.47,13.01,0.0872,High
C0147,2024-05,40.84,40.16,19.0,17.99,-0.015,High
C0147,2024-06,45.77,30.45,23.78,21.26,0.0543,High
C0147,2024-07,47.01,36.6,16.39,22.65,0.1289,High
C0147,2024-08,65.07,11.54,23.39,20.59,0.1411,High
C0147,2024-09,62.48,26.75,10.77,23.19,0.0743,High
C0147,2024-10,52.51,31.94,15.55,23.57,0.1833,High
C0147,2024-11,64.25,8.33,27.42,18.16,0.1136,High
C0147,2024-12,70.9,8.54,20.56,21.32,0.1861,High
C0148,2024-01,52.48,32.98,14.54,6.66,0.1201,Medium
C0148,2024-02,44.47,52.31,3.22,12.91,0.0795,Medium
C0148,2024-03,52.42,41.53,6.05,8.76,0.0545,Medium
C0148,2024-04,47.79,38.04,14.17,12.1,0.0903,Medium
C0148,2024-05,42.44,46.6,10.96,9.1,0.0845,Medium
C0148,2024-06,40.66,56.7,2.64,6.28,0.0776,Medium
C0148,2024-07,46.62,41.47,11.91,10.84,0.0254,Medium
C0148,2024-08,43.42,53.64,2.94,14.59,0.0265,Medium
C0148,2024-09,36.7,49.31,13.99,9.83,0.0661,Medium
C0148,2024-10,57.92,40.01,2.07,12.73,0.073,Medium
C0148,2024-11,57.09,39.09,3.82,6.87,0.0776,Medium
C0148,2024-12,46.27,44.87,8.86,7.27,0.0611,Medium
C0149,2024-01,30.25,69.31,0.44,5.8,0.0354,Low
C0149,2024-02,25.09,74.09,0.82,6.42,0.048,Low
C0149,2024-03,17.53,80.15,2.32,5.6,0.0505,Low
C0149,2024-04,17.57,79.12,3.31,2.95,0.0363,Low
C0149,2024-05,27.2,72.16,0.64,4.55,0.0556,Low
C0149,2024-06,16.55,79.04,4.41,7.35,0.0251,Low
C0149,2024-07,14.91,82.02,3.07,2.53,0.0528,Low
C0149,2024-08,26.49,70.39,3.12,3.7,0.0384,Low
C0149,2024-09,19.46,80.03,0.51,6.31,0.0757,Low
C0149,2024-10,16.23,82.15,1.62,4.01,0.0405,Low
C0149,2024-11,10.64,87.65,1.71,6.82,0.0383,Low
C0149,2024-12,21.39,78.46,0.15,7.28,0.0617,Low
C0150,2024-01,33.61,63.94,2.45,4.05,0.0659,Low
C0150,2024-02,15.49,82.37,2.14,5.91,0.0795,Low
C0150,2024-03,28.18,71.82,0.0,7.62,0.0329,Low
C0150,2024-04,16.59,83.22,0.19,2.74,0.0335,Low
C0150,2024-05,34.65,63.77,1.58,2.69,0.0518,Low
C0150,2024-06,31.37,67.35,1.28,2.13,0.0436,Low
C0150,2024-07,15.58,84.14,0.28,2.62,0.0265,Low
C0150,2024-08,22.9,75.83,1.27,7.64,0.0344,Low
C0150,2024-09,32.65,64.52,2.83,4.13,0.0334,Low
C0150,2024-10,28.19,69.55,2.26,7.14,0.0088,Low
C0150,2024-11,33.6,64.72,1.68,5.36,0.0272,Low
C0150,2024-12,31.92,67.29,0.79,4.73,0.0413,Low
C0151,2024-01,50.76,42.26,6.98,13.82,-0.0079,Medium
C0151,2024-02,32.02,59.94,8.04,13.39,0.1341,Medium
C0151,2024-03,48.43,38.75,12.82,10.45,0.1036,Medium
C0151,2024-04,53.71,40.45,5.84,10.46,0.0301,Medium
C0151,2024-05,42.63,50.03,7.34,8.08,0.0529,Medium
C0151,2024-06,31.66,63.76,4.58,6.08,0.0448,Medium
C0151,2024-07,48.82,45.07,6.11,14.76,0.0373,Medium
C0151,2024-08,40.74,57.15,2.11,13.55,0.0083,Medium
C0151,2024-09,30.96,54.82,14.22,14.03,0.159,Medium
C0151,2024-10,49.61,43.36,7.03,11.83,0.1295,Medium
C0151,2024-11,31.35,65.95,2.7,10.12,0.0788,Medium
C0151,2024-12,33.14,54.17,12.69,7.89,0.0648,Medium
C0152,2024-01,39.5,53.3,7.2,7.35,0.0897,Medium
C0152,2024-02,43.24,48.38,8.38,13.64,0.0624,Medium
C0152,2024-03,51.18,40.44,8.38,8.32,0.0705,Medium
C0152,2024-04,36.63,57.87,5.5,13.23,0.0932,Medium
C0152,2024-05,31.32,53.78,14.9,7.17,0.0537,Medium
C0152,2024-06,44.76,41.79,13.45,9.72,0.106,Medium
C0152,2024-07,46.13,51.23,2.64,6.02,0.0705,Medium
C0152,2024-08,33.64,62.88,3.48,9.7,0.0184,Medium
C0152,2024-09,49.43,39.31,11.26,7.61,0.0833,Medium
C0152,2024-10,55.91,32.05,12.04,7.52,0.0623,Medium
C0152,2024-11,54.65,33.35,12.0,11.37,0.0299,Medium
C0152,2024-12,33.65,57.72,8.63,11.27,0.0288,Medium
C0153,2024-01,44.26,49.01,6.73,11.77,0.0248,Medium
C0153,2024-02,48.74,39.78,11.48,14.39,0.0538,Medium
C0153,2024-03,38.37,47.28,14.35,6.57,0.0546,Medium
C0153,2024-04,56.81,34.3,8.89,12.02,0.0741,Medium
C0153,2024-05,54.95,41.1,3.95,6.35,0.0553,Medium
C0153,2024-06,33.87,58.04,8.09,11.38,0.082,Medium
C0153,2024-07,30.93,63.5,5.57,6.3,0.0694,Medium
C0153,2024-08,59.48,30.24,10.28,7.45,0.068,Medium
C0153,2024-09,57.18,34.11,8.71,7.38,0.0716,Medium
C0153,2024-10,51.95,36.83,11.22,7.8,0.0738,Medium
C0153,2024-11,36.33,52.72,10.95,7.98,0.096,Medium
C0153,2024-12,53.52,38.59,7.89,13.13,0.0538,Medium
C0154,2024-01,62.92,22.51,14.57,16.93,0.0422,High
C0154,2024-02,49.56,36.25,14.19,20.2,0.0506,High
C0154,2024-03,71.79,16.12,12.09,24.96,0.0342,High
C0154,2024-04,72.29,6.34,21.37,18.55,0.1077,High
C0154,2024-05,66.48,18.37,15.15,24.48,0.2337,High
C0154,2024-06,47.74,28.72,23.54,25.9,0.021,High
C0154,2024-07,56.57,21.08,22.35,20.21,0.0848,High
C0154,2024-08,69.46,4.51,26.03,19.39,0.1527,High
C0154,2024-09,48.05,33.83,18.12,26.87,0.087,High
C0154,2024-10,68.21,14.72,17.07,23.56,-0.0248,High
C0154,2024-11,48.59,39.22,12.19,26.3,0.0468,High
C0154,2024-12,69.93,13.14,16.93,29.51,0.0418,High
C0155,2024-01,49.39,39.79,10.82,24.69,-0.0009,High
C0155,2024-02,64.77,24.61,10.62,27.66,0.0657,High
C0155,2024-03,44.85,42.6,12.55,15.16,0.0689,High
C0155,2024-04,68.05,14.0,17.95,18.05,0.0897,High
C0155,2024-05,48.21,32.18,19.61,21.93,-0.0114,High
C0155,2024-06,73.2,13.4,13.4,29.38,0.1474,High
C0155,2024-07,40.52,39.86,19.62,18.0,0.1897,High
C0155,2024-08,55.24,26.46,18.3,25.19,-0.0372,High
C0155,2024-09,64.0,9.33,26.67,16.5,0.1628,High
C0155,2024-10,52.94,27.34,19.72,17.65,0.1748,High
C0155,2024-11,44.96,40.76,14.28,13.9,0.1163,High
C0155,2024-12,73.27,2.14,24.59,12.94,0.1456,High
C0156,2024-01,70.19,10.94,18.87,22.55,0.0897,High
C0156,2024-02,71.69,16.65,11.66,15.44,0.0998,High
C0156,2024-03,55.42,22.88,21.7,26.69,-0.0177,High
C0156,2024-04,57.32,17.83,24.85,25.87,0.1225,High
C0156,2024-05,57.49,26.41,16.1,29.53,-0.0079,High
C0156,2024-06,49.82,25.56,24.62,16.36,0.1692,High
C0156,2024-07,46.01,33.39,20.6,17.22,0.0323,High
C0156,2024-08,62.92,21.41,15.67,12.0,0.0909,High
C0156,2024-09,44.45,26.88,28.67,27.61,0.1477,High
C0156,2024-10,61.3,9.28,29.42,18.72,0.0563,High
C0156,2024-11,63.85,24.88,11.27,19.13,0.078,High
C0156,2024-12,50.07,37.52,12.41,24.66,0.1094,High
C0157,2024-01,41.22,44.42,14.36,6.2,0.077,Medium
C0157,2024-02,39.63,55.09,5.28,10.81,0.0487,Medium
C0157,2024-03,54.71,41.95,3.34,14.49,0.0374,Medium
C0157,2024-04,51.36,41.64,7.0,9.62,0.0788,Medium
C0157,2024-05,53.49,31.99,14.52,7.14,0.0607,Medium
C0157,2024-06,41.29,51.99,6.72,6.47,0.0079,Medium
C0157,2024-07,50.57,41.76,7.67,7.75,0.0762,Medium
C0157,2024-08,44.59,49.53,5.88,11.74,0.0779,Medium
C0157,2024-09,38.64,56.29,5.07,12.57,0.0265,Medium
C0157,2024-10,37.23,48.6,14.17,10.68,0.0508,Medium
C0157,2024-11,40.95,45.7,13.35,9.55,0.035,Medium
C0157,2024-12,41.33,52.55,6.12,12.1,0.0355,Medium
C0158,2024-01,24.43,75.24,0.33,3.15,0.0488,Low
C0158,2024-02,19.43,77.25,3.32,3.53,0.0422,Low
C0158,2024-03,13.18,86.53,0.29,3.83,0.0332,Low
C0158,2024-04,29.02,70.9,0.08,5.35,0.0391,Low
C0158,2024-05,19.49,77.98,2.53,5.38,0.0244,Low
C0158,2024-06,28.33,67.31,4.36,3.16,0.0396,Low
C0158,2024-07,12.44,83.07,4.49,4.1,0.0162,Low
C0158,2024-08,13.14,83.91,2.95,5.15,0.0518,Low
C0158,2024-09,15.07,82.67,2.26,6.78,0.0229,Low
C0158,2024-10,23.7,72.79,3.51,6.76,0.0499,Low
C0158,2024-11,25.73,73.51,0.76,6.26,0.011,Low
C0158,2024-12,26.74,72.18,1.08,5.55,0.0293,Low
C0159,2024-01,67.92,3.65,28.43,29.61,0.1927,High
C0159,2024-02,48.81,21.57,29.62,23.05,0.0721,High
C0159,2024-03,67.78,20.51,11.71,15.3,0.0218,High
C0159,2024-04,61.4,14.68,23.92,18.16,0.167,High
C0159,2024-05,43.78,44.83,11.39,22.6,0.1803,High
C0159,2024-06,57.84,23.71,18.45,19.17,0.0894,High
C0159,2024-07,40.93,42.36,16.71,29.57,0.0378,High
C0159,2024-08,60.57,12.48,26.95,19.94,0.1409,High
C0159,2024-09,40.63,47.88,11.49,21.19,0.1009,High
C0159,2024-10,61.62,15.49,22.89,12.51,0.1055,High
C0159,2024-11,68.99,5.24,25.77,16.66,0.0479,High
C0159,2024-12,41.41,44.57,14.02,15.22,0.0993,High
C0160,2024-01,42.55,48.84,8.61,10.29,0.0136,Medium
C0160,2024-02,38.96,47.77,13.27,12.72,0.1252,Medium
C0160,2024-03,55.74,35.83,8.43,7.18,0.0469,Medium
C0160,2024-04,43.23,53.92,2.85,13.43,0.0814,Medium
C0160,2024-05,33.78,52.48,13.74,13.78,0.1321,Medium
C0160,2024-06,48.58,38.98,12.44,9.89,0.0621,Medium
C0160,2024-07,53.58,38.41,8.01,14.47,-0.0634,Medium
C0160,2024-08,53.55,33.77,12.68,10.99,0.0361,Medium
C0160,2024-09,35.39,56.53,8.08,14.71,0.0896,Medium
C0160,2024-10,30.99,60.93,8.08,11.82,0.0762,Medium
C0160,2024-11,54.9,42.46,2.64,13.67,0.004,Medium
C0160,2024-12,39.51,54.82,5.67,10.78,0.0637,Medium
C0161,2024-01,13.97,81.97,4.06,2.8,0.0396,Low
C0161,2024-02,22.93,73.25,3.82,4.68,0.0244,Low
C0161,2024-03,29.75,67.16,3.09,2.68,0.0468,Low
C0161,2024-04,19.92,76.36,3.72,5.48,0.0251,Low
C0161,2024-05,19.71,79.44,0.85,3.36,0.0231,Low
C0161,2024-06,22.88,76.27,0.85,5.98,0.0737,Low
C0161,2024-07,31.31,67.4,1.29,4.95,0.0352,Low
C0161,2024-08,25.15,74.4,0.45,7.76,0.0475,Low
C0161,2024-09,27.89,68.17,3.94,6.22,0.0258,Low
C0161,2024-10,31.46,63.76,4.78,4.99,0.0843,Low
C0161,2024-11,33.29,63.79,2.92,5.23,0.0276,Low
C0161,2024-12,10.09,88.7,1.21,5.06,0.0331,Low
C0162,2024-01,43.45,41.8,14.75,9.15,0.0395,Medium
C0162,2024-02,31.44,56.48,12.08,11.14,0.0555,Medium
C0162,2024-03,52.82,43.23,3.95,11.15,0.0336,Medium
C0162,2024-04,30.35,65.96,3.69,8.78,0.0299,Medium
C0162,2024-05,33.5,51.68,14.82,8.78,0.0573,Medium
C0162,2024-06,47.63,49.54,2.83,13.76,0.0432,Medium
C0162,2024-07,58.84,35.95,5.21,10.05,0.0667,Medium
C0162,2024-08,42.42,52.07,5.51,7.86,0.0551,Medium
C0162,2024-09,49.62,42.97,7.41,7.62,0.0779,Medium
C0162,2024-10,55.76,40.71,3.53,13.07,0.1331,Medium
C0162,2024-11,50.2,46.3,3.5,12.25,0.0833,Medium
C0162,2024-12,34.25,55.39,10.36,9.44,0.0571,Medium
C0163,2024-01,51.55,19.21,29.24,28.23,0.1614,High
C0163,2024-02,74.85,10.1,15.05,19.86,0.0479,High
C0163,2024-03,58.2,25.9,15.9,12.27,0.0517,High
C0163,2024-04,55.53,31.05,13.42,27.72,-0.003,High
C0163,2024-05,64.68,23.62,11.7,23.7,0.1026,High
C0163,2024-06,40.1,44.94,14.96,28.7,0.0787,High
C0163,2024-07,72.63,2.96,24.41,25.78,0.098,High
C0163,2024-08,48.11,38.27,13.62,26.59,-0.0012,High
C0163,2024-09,44.73,35.9,19.37,28.89,0.077,High
C0163,2024-10,45.96,37.72,16.32,19.64,0.081,High
C0163,2024-11,50.83,33.56,15.61,29.5,0.116,High
C0163,2024-12,40.02,38.06,21.92,28.49,0.0162,High
C0164,2024-01,14.64,82.1,3.26,6.28,0.0202,Low
C0164,2024-02,16.3,78.92,4.78,7.54,0.0702,Low
C0164,2024-03,21.43,74.34,4.23,4.71,0.0294,Low
C0164,2024-04,20.66,76.65,2.69,2.14,0.0419,Low
C0164,2024-05,21.1,74.99,3.91,6.08,0.0586,Low
C0164,2024-06,10.45,86.76,2.79,6.72,0.0434,Low
C0164,2024-07,23.53,74.85,1.62,2.82,0.0431,Low
C0164,2024-08,31.95,65.12,2.93,6.05,0.0677,Low
C0164,2024-09,30.1,66.6,3.3,4.39,0.0676,Low
C0164,2024-10,19.34,78.72,1.94,2.57,0.0425,Low
C0164,2024-11,32.86,66.68,0.46,5.89,0.0166,Low
C0164,2024-12,26.98,72.68,0.34,5.56,0.0176,Low
C0165,2024-01,68.99,17.6,13.41,28.15,0.1491,High
C0165,2024-02,56.99,22.17,20.84,28.54,0.1119,High
C0165,2024-03,71.5,9.54,18.96,16.94,0.0088,High
C0165,2024-04,50.04,34.59,15.37,27.5,-0.0497,High
C0165,2024-05,42.45,34.0,23.55,15.11,0.0565,High
C0165,2024-06,49.45,25.18,25.37,27.93,0.0701,High
C0165,2024-07,47.75,32.98,19.27,20.47,0.0983,High
C0165,2024-08,57.96,18.63,23.41,27.25,0.1273,High
C0165,2024-09,40.33,41.61,18.06,28.33,0.0971,High
C0165,2024-10,58.53,24.51,16.96,21.37,0.1865,High
C0165,2024-11,62.94,18.69,18.37,24.85,0.0811,High
C0165,2024-12,55.8,26.04,18.16,24.37,0.0821,High
C0166,2024-01,26.0,69.61,4.39,4.51,0.0449,Low
C0166,2024-02,33.76,61.45,4.79,2.59,0.0498,Low
C0166,2024-03,10.37,88.82,0.81,7.98,0.0364,Low
C0166,2024-04,31.21,68.69,0.1,5.63,0.0232,Low
C0166,2024-05,16.93,78.76,4.31,3.7,0.056,Low
C0166,2024-06,15.54,84.29,0.17,4.46,0.054,Low
C0166,2024-07,17.23,78.73,4.04,6.8,0.0894,Low
C0166,2024-08,25.1,70.76,4.14,4.55,0.0351,Low
C0166,2024-09,16.88,81.79,1.33,5.22,0.0076,Low
C0166,2024-10,12.28,84.13,3.59,3.28,0.0231,Low
C0166,2024-11,14.93,83.01,2.06,3.37,0.0215,Low
C0166,2024-12,21.22,76.09,2.69,3.22,0.0553,Low
C0167,2024-01,32.01,65.82,2.17,4.47,0.0486,Low
C0167,2024-02,23.86,73.35,2.79,6.24,0.0351,Low
C0167,2024-03,14.44,84.3,1.26,6.86,0.008,Low
C0167,2024-04,11.5,86.87,1.63,2.86,0.0376,Low
C0167,2024-05,27.75,69.58,2.67,2.86,0.0504,Low
C0167,2024-06,18.42,78.65,2.93,3.89,0.029,Low
C0167,2024-07,12.18,86.71,1.11,3.13,0.055,Low
C0167,2024-08,16.6,83.34,0.06,5.11,0.0253,Low
C0167,2024-09,25.15,70.04,4.81,5.54,0.0904,Low
C0167,2024-10,33.2,62.66,4.14,3.94,0.0398,Low
C0167,2024-11,15.93,82.76,1.31,5.03,0.0399,Low
C0167,2024-12,11.69,84.69,3.62,6.84,0.0749,Low
C0168,2024-01,26.61,71.26,2.13,7.33,0.0478,Low
C0168,2024-02,27.28,68.3,4.42,4.97,0.067,Low
C0168,2024-03,17.83,78.4,3.77,3.32,0.0533,Low
C0168,2024-04,28.11,69.87,2.02,3.29,0.0435,Low
C0168,2024-05,18.9,79.68,1.42,3.06,0.0332,Low
C0168,2024-06,21.35,76.72,1.93,7.89,0.063,Low
C0168,2024-07,19.78,79.82,0.4,2.54,0.0533,Low
C0168,2024-08,20.47,77.37,2.16,2.32,0.0536,Low
C0168,2024-09,22.92,74.56,2.52,2.9,0.0465,Low
C0168,2024-10,14.91,83.83,1.26,3.04,0.0313,Low
C0168,2024-11,33.95,61.78,4.27,3.38,0.0412,Low
C0168,2024-12,22.29,77.61,0.1,6.03,0.0297,Low
C0169,2024-01,56.96,38.9,4.14,13.24,0.0489,Medium
C0169,2024-02,41.96,53.83,4.21,8.29,0.0632,Medium
C0169,2024-03,37.9,52.87,9.23,9.7,0.04,Medium
C0169,2024-04,34.3,52.55,13.15,8.78,0.0936,Medium
C0169,2024-05,49.77,40.87,9.36,10.25,0.12,Medium
C0169,2024-06,32.63,56.68,10.69,14.06,0.0578,Medium
C0169,2024-07,31.73,64.44,3.83,12.45,-0.0254,Medium
C0169,2024-08,34.11,57.3,8.59,7.14,0.0291,Medium
C0169,2024-09,44.3,43.77,11.93,8.32,0.0726,Medium
C0169,2024-10,50.6,36.46,12.94,9.73,0.0705,Medium
C0169,2024-11,53.03,44.44,2.53,7.11,0.0504,Medium
C0169,2024-12,55.37,38.13,6.5,11.89,0.0191,Medium
C0170,2024-01,47.59,45.77,6.64,11.19,0.0403,Medium
C0170,2024-02,59.79,36.56,3.65,6.65,0.0594,Medium
C0170,2024-03,56.36,37.72,5.92,11.85,0.0291,Medium
C0170,2024-04,37.86,55.68,6.46,9.7,0.01,Medium
C0170,2024-05,51.61,39.74,8.65,14.49,0.0664,Medium
C0170,2024-06,47.53,38.51,13.96,6.44,0.0591,Medium
C0170,2024-07,47.2,39.7,13.1,8.18,0.075,Medium
C0170,2024-08,49.71,42.58,7.71,6.4,0.0665,Medium
C0170,2024-09,57.61,34.28,8.11,6.26,0.065,Medium
C0170,2024-10,33.73,61.48,4.79,6.58,0.0912,Medium
C0170,2024-11,47.23,42.68,10.09,10.55,0.0752,Medium
C0170,2024-12,48.46,49.37,2.17,12.26,0.0665,Medium
C0171,2024-01,46.96,42.6,10.44,9.15,0.0584,Medium
C0171,2024-02,41.2,54.01,4.79,11.27,0.0336,Medium
C0171,2024-03,43.29,54.27,2.44,8.88,0.0702,Medium
C0171,2024-04,51.74,37.18,11.08,8.8,0.0946,Medium
C0171,2024-05,32.99,61.47,5.54,13.49,0.0529,Medium
C0171,2024-06,30.29,65.89,3.82,8.9,0.0604,Medium
C0171,2024-07,47.35,49.67,2.98,14.49,0.0883,Medium
C0171,2024-08,53.42,34.76,11.82,11.46,0.0629,Medium
C0171,2024-09,48.81,40.9,10.29,11.66,0.0769,Medium
C0171,2024-10,51.97,35.93,12.1,13.85,0.0718,Medium
C0171,2024-11,36.47,60.44,3.09,10.35,0.092,Medium
C0171,2024-12,43.31,47.27,9.42,10.74,0.0647,Medium
C0172,2024-01,25.38,70.48,4.14,2.95,0.062,Low
C0172,2024-02,14.1,85.28,0.62,7.88,0.0764,Low
C0172,2024-03,19.84,79.02,1.14,3.03,0.0508,Low
C0172,2024-04,26.09,73.47,0.44,7.36,0.0789,Low
C0172,2024-05,19.73,78.7,1.57,4.77,0.0561,Low
C0172,2024-06,33.23,65.25,1.52,7.18,0.0419,Low
C0172,2024-07,29.54,65.81,4.65,3.47,0.0334,Low
C0172,2024-08,30.6,69.37,0.03,5.39,0.0543,Low
C0172,2024-09,18.48,79.91,1.61,5.87,0.047,Low
C0172,2024-10,31.33,67.35,1.32,5.12,0.0635,Low
C0172,2024-11,21.26,78.68,0.06,5.34,0.0565,Low
C0172,2024-12,28.4,68.74,2.86,2.4,0.0601,Low
C0173,2024-01,24.92,73.71,1.37,2.48,0.056,Low
C0173,2024-02,18.22,78.18,3.6,5.86,0.0069,Low
C0173,2024-03,18.32,77.91,3.77,5.89,0.0578,Low
C0173,2024-04,10.29,86.23,3.48,4.26,0.0656,Low
C0173,2024-05,33.57,62.34,4.09,5.53,0.0388,Low
C0173,2024-06,18.51,79.11,2.38,3.78,0.0347,Low
C0173,2024-07,22.87,76.3,0.83,7.87,0.0437,Low
C0173,2024-08,28.12,69.7,2.18,5.78,0.0617,Low
C0173,2024-09,18.51,79.98,1.51,5.47,0.0856,Low
C0173,2024-10,17.17,81.0,1.83,2.5,0.0403,Low
C0173,2024-11,11.3,87.43,1.27,2.45,0.0379,Low
C0173,2024-12,16.81,78.83,4.36,4.91,0.0393,Low
C0174,2024-01,45.52,47.51,6.97,11.08,-0.001,Medium
C0174,2024-02,51.31,41.96,6.73,13.5,0.0266,Medium
C0174,2024-03,43.63,45.02,11.35,6.97,0.0753,Medium
C0174,2024-04,36.35,59.76,3.89,8.85,0.0713,Medium
C0174,2024-05,59.28,35.38,5.34,10.11,0.0635,Medium
C0174,2024-06,47.14,38.47,14.39,10.65,0.0586,Medium
C0174,2024-07,54.58,36.31,9.11,6.37,0.0821,Medium
C0174,2024-08,58.52,28.31,13.17,8.06,0.0322,Medium
C0174,2024-09,36.6,58.78,4.62,14.3,0.0715,Medium
C0174,2024-10,41.78,49.66,8.56,10.18,0.0773,Medium
C0174,2024-11,37.6,53.83,8.57,6.27,0.0503,Medium
C0174,2024-12,45.51,47.68,6.81,12.67,0.1191,Medium
C0175,2024-01,66.72,8.83,24.45,15.68,0.0746,High
C0175,2024-02,51.58,23.32,25.1,17.93,-0.0255,High
C0175,2024-03,44.84,37.18,17.98,29.64,0.1227,High
C0175,2024-04,55.15,33.43,11.42,20.78,-0.0122,High
C0175,2024-05,64.58,15.16,20.26,27.7,0.0464,High
C0175,2024-06,72.78,9.66,17.56,22.38,0.0709,High
C0175,2024-07,67.72,15.79,16.49,24.89,0.0527,High
C0175,2024-08,45.07,28.71,26.22,16.01,0.0492,High
C0175,2024-09,65.11,6.02,28.87,21.5,-0.036,High
C0175,2024-10,51.41,29.08,19.51,22.85,0.2246,High
C0175,2024-11,72.15,0.0,27.85,27.52,0.0927,High
C0175,2024-12,63.01,9.09,27.9,19.07,0.1517,High
C0176,2024-01,54.55,23.43,22.02,24.78,0.0942,High
C0176,2024-02,49.4,25.07,25.53,21.94,0.1955,High
C0176,2024-03,63.13,20.41,16.46,20.66,-0.0041,High
C0176,2024-04,46.95,23.82,29.23,21.21,0.1967,High
C0176,2024-05,65.69,16.09,18.22,18.39,-0.0049,High
C0176,2024-06,59.05,20.08,20.87,20.95,-0.0198,High
C0176,2024-07,44.72,35.36,19.92,15.04,0.1502,High
C0176,2024-08,54.06,17.76,28.18,23.48,0.1668,High
C0176,2024-09,66.92,15.71,17.37,29.28,0.1123,High
C0176,2024-10,46.03,38.55,15.42,17.14,0.0863,High
C0176,2024-11,49.48,23.41,27.11,12.57,0.0802,High
C0176,2024-12,46.99,38.37,14.64,26.36,0.0432,High
C0177,2024-01,30.17,62.25,7.58,9.67,0.0639,Medium
C0177,2024-02,51.06,37.57,11.37,12.56,0.0414,Medium
C0177,2024-03,30.0,55.6,14.4,13.33,0.091,Medium
C0177,2024-04,58.37,33.87,7.76,11.39,0.1307,Medium
C0177,2024-05,44.29,41.58,14.13,6.68,0.1089,Medium
C0177,2024-06,53.76,36.66,9.58,14.18,0.0689,Medium
C0177,2024-07,58.26,38.9,2.84,9.62,0.0878,Medium
C0177,2024-08,55.39,40.95,3.66,6.84,0.0637,Medium
C0177,2024-09,47.68,43.4,8.92,8.4,0.0873,Medium
C0177,2024-10,41.52,46.9,11.58,10.28,0.0577,Medium
C0177,2024-11,33.68,52.26,14.06,10.09,0.0403,Medium
C0177,2024-12,30.56,66.13,3.31,10.47,0.0922,Medium
C0178,2024-01,40.04,48.92,11.04,12.29,0.0607,Medium
C0178,2024-02,57.45,34.19,8.36,10.05,0.1258,Medium
C0178,2024-03,35.98,58.02,6.0,6.38,0.0298,Medium
C0178,2024-04,39.13,48.85,12.02,8.94,0.0829,Medium
C0178,2024-05,37.26,58.54,4.2,12.97,0.0485,Medium
C0178,2024-06,45.2,43.86,10.94,11.7,0.028,Medium
C0178,2024-07,54.32,43.1,2.58,8.67,0.0414,Medium
C0178,2024-08,38.67,55.3,6.03,10.7,0.0421,Medium
C0178,2024-09,49.92,43.13,6.95,12.48,0.0164,Medium
C0178,2024-10,46.23,51.46,2.31,6.72,0.0362,Medium
C0178,2024-11,42.54,43.2,14.26,12.49,0.0947,Medium
C0178,2024-12,54.61,38.14,7.25,7.99,0.1013,Medium
C0179,2024-01,46.46,44.54,9.0,11.09,0.0721,Medium
C0179,2024-02,58.3,38.42,3.28,8.39,0.0707,Medium
C0179,2024-03,44.86,42.14,13.0,10.55,0.0491,Medium
C0179,2024-04,37.58,50.91,11.51,7.48,0.0718,Medium
C0179,2024-05,40.54,54.02,5.44,9.15,0.0321,Medium
C0179,2024-06,46.66,50.04,3.3,13.25,0.1137,Medium
C0179,2024-07,41.1,48.47,10.43,12.53,0.0746,Medium
C0179,2024-08,48.49,43.94,7.57,7.64,0.058,Medium
C0179,2024-09,58.26,29.92,11.82,7.87,0.0983,Medium
C0179,2024-10,50.87,37.17,11.96,9.97,0.0532,Medium
C0179,2024-11,51.5,41.48,7.02,7.9,0.0691,Medium
C0179,2024-12,39.32,52.69,7.99,12.07,0.0614,Medium
C0180,2024-01,55.31,32.79,11.9,6.52,0.0793,Medium
C0180,2024-02,55.69,40.85,3.46,9.13,0.0867,Medium
C0180,2024-03,56.29,39.09,4.62,6.7,0.0744,Medium
C0180,2024-04,34.88,52.01,13.11,12.18,0.0799,Medium
C0180,2024-05,45.61,41.6,12.79,9.77,0.05,Medium
C0180,2024-06,45.15,45.94,8.91,13.25,0.0282,Medium
C0180,2024-07,53.74,36.7,9.56,13.03,0.1002,Medium
C0180,2024-08,42.29,44.32,13.39,8.68,0.0396,Medium
C0180,2024-09,30.35,63.74,5.91,11.2,0.0734,Medium
C0180,2024-10,56.3,29.84,13.86,8.39,0.0184,Medium
C0180,2024-11,43.86,47.0,9.14,14.54,0.0293,Medium
C0180,2024-12,30.24,67.64,2.12,10.15,0.0913,Medium
C0181,2024-01,30.68,58.39,10.93,8.65,0.0119,Medium
C0181,2024-02,35.02,57.69,7.29,8.09,0.0694,Medium
C0181,2024-03,46.05,49.37,4.58,10.58,0.0732,Medium
C0181,2024-04,52.61,43.95,3.44,10.21,0.0321,Medium
C0181,2024-05,32.12,58.1,9.78,8.38,0.1022,Medium
C0181,2024-06,57.73,33.13,9.14,11.25,0.1641,Medium
C0181,2024-07,42.05,43.61,14.34,12.99,0.0985,Medium
C0181,2024-08,42.97,44.26,12.77,13.41,0.0473,Medium
C0181,2024-09,35.67,53.22,11.11,8.62,0.0339,Medium
C0181,2024-10,51.76,43.25,4.99,6.01,0.0429,Medium
C0181,2024-11,51.45,44.32,4.23,6.94,0.048,Medium
C0181,2024-12,44.28,53.14,2.58,14.74,-0.0044,Medium
C0182,2024-01,39.7,54.16,6.14,10.04,0.0269,Medium
C0182,2024-02,35.67,51.16,13.17,8.31,0.0726,Medium
C0182,2024-03,41.4,45.27,13.33,11.97,0.113,Medium
C0182,2024-04,30.59,57.85,11.56,10.38,0.0246,Medium
C0182,2024-05,54.4,31.19,14.41,14.33,0.0756,Medium
C0182,2024-06,40.8,51.15,8.05,12.21,0.0928,Medium
C0182,2024-07,56.52,38.79,4.69,14.26,0.0485,Medium
C0182,2024-08,33.18,63.36,3.46,8.62,0.0668,Medium
C0182,2024-09,48.42,39.12,12.46,14.09,0.0701,Medium
C0182,2024-10,31.3,62.17,6.53,7.61,0.0015,Medium
C0182,2024-11,49.41,42.55,8.04,10.46,0.0818,Medium
C0182,2024-12,36.44,54.84,8.72,12.62,0.0553,Medium
C0183,2024-01,57.87,35.22,6.91,10.17,0.0735,Medium
C0183,2024-02,38.65,57.27,4.08,10.9,0.0289,Medium
C0183,2024-03,45.97,51.04,2.99,12.28,0.0132,Medium
C0183,2024-04,44.09,44.55,11.36,10.76,0.0808,Medium
C0183,2024-05,41.87,51.94,6.19,11.49,0.0644,Medium
C0183,2024-06,32.24,59.77,7.99,14.02,0.0747,Medium
C0183,2024-07,32.83,52.31,14.86,14.54,0.1086,Medium
C0183,2024-08,42.55,49.72,7.73,11.71,0.0464,Medium
C0183,2024-09,53.23,44.33,2.44,11.34,0.0415,Medium
C0183,2024-10,40.44,51.46,8.1,9.01,0.0309,Medium
C0183,2024-11,33.22,62.89,3.89,6.3,0.0628,Medium
C0183,2024-12,33.47,52.23,14.3,12.6,0.0624,Medium
C0184,2024-01,49.36,37.89,12.75,6.96,0.1103,Medium
C0184,2024-02,47.6,39.57,12.83,6.65,0.0701,Medium
C0184,2024-03,50.72,40.34,8.94,9.41,0.0987,Medium
C0184,2024-04,56.73,34.82,8.45,13.42,0.0071,Medium
C0184,2024-05,42.07,54.6,3.33,6.55,0.0523,Medium
C0184,2024-06,40.12,48.55,11.33,12.69,0.0437,Medium
C0184,2024-07,31.53,63.6,4.87,8.47,0.0226,Medium
C0184,2024-08,34.02,51.71,14.27,13.24,0.0702,Medium
C0184,2024-09,35.42,57.29,7.29,9.2,0.0579,Medium
C0184,2024-10,33.83,54.56,11.61,9.57,0.103,Medium
C0184,2024-11,37.89,55.23,6.88,10.48,0.0191,Medium
C0184,2024-12,41.95,55.8,2.25,12.95,0.025,Medium
C0185,2024-01,11.1,85.63,3.27,6.64,0.0389,Low
C0185,2024-02,15.13,81.18,3.69,6.2,0.0674,Low
C0185,2024-03,16.15,79.33,4.52,2.63,0.0466,Low
C0185,2024-04,28.06,70.99,0.95,4.65,0.0475,Low
C0185,2024-05,11.79,86.26,1.95,6.45,0.0078,Low
C0185,2024-06,24.88,70.76,4.36,2.29,0.0404,Low
C0185,2024-07,19.64,79.57,0.79,6.17,0.0464,Low
C0185,2024-08,17.16,81.85,0.99,7.62,0.0231,Low
C0185,2024-09,10.46,87.35,2.19,2.13,0.0394,Low
C0185,2024-10,18.04,81.3,0.66,4.26,-0.0073,Low
C0185,2024-11,26.81,69.28,3.91,5.18,0.0277,Low
C0185,2024-12,17.18,82.01,0.81,3.5,0.0437,Low
C0186,2024-01,22.99,74.2,2.81,7.67,0.0571,Low
C0186,2024-02,30.43,66.77,2.8,3.53,0.0365,Low
C0186,2024-03,16.56,83.24,0.2,3.83,0.0467,Low
C0186,2024-04,29.56,68.16,2.28,6.19,0.0295,Low
C0186,2024-05,19.7,79.5,0.8,4.39,0.0488,Low
C0186,2024-06,11.72,85.74,2.54,3.97,0.0402,Low
C0186,2024-07,22.71,77.17,0.12,3.88,0.044,Low
C0186,2024-08,21.26,77.31,1.43,3.79,0.0571,Low
C0186,2024-09,19.58,76.24,4.18,7.8,-0.0032,Low
C0186,2024-10,31.17,66.7,2.13,5.31,0.0293,Low
C0186,2024-11,15.77,80.51,3.72,5.19,0.0512,Low
C0186,2024-12,15.37,81.05,3.58,6.8,0.0548,Low
C0187,2024-01,35.18,62.79,2.03,10.06,0.0727,Medium
C0187,2024-02,35.64,51.18,13.18,8.32,0.0133,Medium
C0187,2024-03,36.79,54.96,8.25,10.49,0.0362,Medium
C0187,2024-04,35.09,53.57,11.34,12.93,0.0272,Medium
C0187,2024-05,43.87,44.85,11.28,12.62,0.0465,Medium
C0187,2024-06,35.59,60.78,3.63,7.25,0.064,Medium
C0187,2024-07,52.44,39.45,8.11,13.05,0.0902,Medium
C0187,2024-08,50.59,47.17,2.24,8.81,0.0965,Medium
C0187,2024-09,49.14,48.74,2.12,6.3,0.0655,Medium
C0187,2024-10,37.96,51.1,10.94,13.13,0.0956,Medium
C0187,2024-11,39.2,58.33,2.47,14.4,0.0197,Medium
C0187,2024-12,44.76,43.25,11.99,7.99,0.0596,Medium
C0188,2024-01,16.07,78.97,4.96,3.18,0.0512,Low
C0188,2024-02,13.68,81.47,4.85,7.68,0.0457,Low
C0188,2024-03,32.12,66.81,1.07,5.8,0.0569,Low
C0188,2024-04,18.47,80.65,0.88,4.53,0.0313,Low
C0188,2024-05,29.85,67.83,2.32,5.23,0.0234,Low
C0188,2024-06,19.82,76.7,3.48,7.63,0.0744,Low
C0188,2024-07,23.56,72.6,3.84,2.54,0.0465,Low
C0188,2024-08,10.5,88.24,1.26,5.1,0.0141,Low
C0188,2024-09,10.38,88.3,1.32,5.08,0.0483,Low
C0188,2024-10,26.14,71.79,2.07,7.58,0.0485,Low
C0188,2024-11,29.62,69.38,1.0,2.79,0.0514,Low
C0188,2024-12,29.75,66.56,3.69,5.75,0.0818,Low
C0189,2024-01,58.68,29.06,12.26,26.91,0.1394,High
C0189,2024-02,73.49,2.57,23.94,22.73,0.046,High
C0189,2024-03,56.11,26.6,17.29,18.35,0.1512,High
C0189,2024-04,63.75,22.28,13.97,20.89,0.1233,High
C0189,2024-05,67.71,12.78,19.51,21.66,0.1324,High
C0189,2024-06,54.33,17.76,27.91,14.93,0.1429,High
C0189,2024-07,74.84,12.78,12.38,12.27,0.0716,High
C0189,2024-08,65.54,8.24,26.22,27.46,0.1308,High
C0189,2024-09,74.71,9.41,15.88,24.78,0.0695,High
C0189,2024-10,69.68,12.97,17.35,22.64,0.0218,High
C0189,2024-11,57.63,19.45,22.92,29.51,0.0957,High
C0189,2024-12,70.2,10.17,19.63,13.41,0.063,High
C0190,2024-01,39.97,56.02,4.01,13.64,0.0856,Medium
C0190,2024-02,54.18,34.81,11.01,6.05,0.071,Medium
C0190,2024-03,42.83,52.6,4.57,14.2,0.0335,Medium
C0190,2024-04,45.51,49.07,5.42,7.89,0.0395,Medium
C0190,2024-05,47.97,48.87,3.16,6.52,0.0856,Medium
C0190,2024-06,46.64,45.86,7.5,11.09,0.035,Medium
C0190,2024-07,40.96,44.87,14.17,6.49,0.0815,Medium
C0190,2024-08,54.12,41.49,4.39,8.66,0.0706,Medium
C0190,2024-09,51.51,45.39,3.1,13.31,0.0985,Medium
C0190,2024-10,33.01,55.66,11.33,12.12,0.0939,Medium
C0190,2024-11,54.93,42.53,2.54,6.21,0.0416,Medium
C0190,2024-12,46.75,39.32,13.93,9.52,0.0596,Medium
C0191,2024-01,40.01,46.62,13.37,12.55,0.0902,High
C0191,2024-02,43.39,34.48,22.13,20.13,0.0619,High
C0191,2024-03,72.85,14.7,12.45,15.82,0.0784,High
C0191,2024-04,49.72,22.88,27.4,22.89,0.057,High
C0191,2024-05,61.49,17.87,20.64,13.65,0.0589,High
C0191,2024-06,56.55,19.91,23.54,27.74,0.0593,High
C0191,2024-07,66.22,5.01,28.77,12.97,0.0587,High
C0191,2024-08,51.58,33.02,15.4,21.21,0.0199,High
C0191,2024-09,55.4,24.35,20.25,24.11,-0.0204,High
C0191,2024-10,45.82,37.19,16.99,25.35,0.0244,High
C0191,2024-11,66.48,10.18,23.34,16.21,0.1655,High
C0191,2024-12,56.95,22.05,21.0,20.85,0.2027,High
C0192,2024-01,51.46,45.11,3.43,12.75,0.0564,Medium
C0192,2024-02,35.59,56.1,8.31,13.47,0.0299,Medium
C0192,2024-03,58.51,31.24,10.25,9.19,0.0271,Medium
C0192,2024-04,57.29,29.39,13.32,11.02,0.1039,Medium
C0192,2024-05,39.75,54.44,5.81,6.3,0.0529,Medium
C0192,2024-06,39.76,52.12,8.12,13.37,0.1126,Medium
C0192,2024-07,33.74,53.11,13.15,14.08,0.0571,Medium
C0192,2024-08,36.51,56.63,6.86,9.0,0.072,Medium
C0192,2024-09,35.29,54.82,9.89,10.29,0.0983,Medium
C0192,2024-10,52.78,33.7,13.52,12.56,0.0985,Medium
C0192,2024-11,57.84,35.84,6.32,10.53,0.0548,Medium
C0192,2024-12,37.81,57.89,4.3,6.26,0.0496,Medium
C0193,2024-01,40.29,34.99,24.72,14.74,0.1378,High
C0193,2024-02,40.18,30.12,29.7,27.8,0.1834,High
C0193,2024-03,71.33,5.49,23.18,18.21,0.0761,High
C0193,2024-04,59.7,28.31,11.99,28.6,0.1258,High
C0193,2024-05,44.92,40.58,14.5,22.05,0.1101,High
C0193,2024-06,48.12,41.86,10.02,25.63,0.1696,High
C0193,2024-07,73.98,0.0,26.02,20.28,0.0867,High
C0193,2024-08,58.38,22.08,19.54,20.06,0.1338,High
C0193,2024-09,67.13,12.33,20.54,17.7,0.0115,High
C0193,2024-10,45.18,31.74,23.08,24.26,0.1127,High
C0193,2024-11,66.33,13.6,20.07,28.09,-0.032,High
C0193,2024-12,74.41,10.11,15.48,15.65,0.1317,High
C0194,2024-01,31.71,53.57,14.72,11.3,0.1304,Medium
C0194,2024-02,44.91,52.67,2.42,11.51,0.0803,Medium
C0194,2024-03,51.48,41.1,7.42,12.82,0.0373,Medium
C0194,2024-04,34.84,58.32,6.84,13.62,0.0271,Medium
C0194,2024-05,54.83,38.19,6.98,11.3,0.0338,Medium
C0194,2024-06,35.04,50.32,14.64,11.56,0.093,Medium
C0194,2024-07,59.44,34.17,6.39,12.33,0.0404,Medium
C0194,2024-08,45.35,48.49,6.16,7.51,0.041,Medium
C0194,2024-09,37.89,59.65,2.46,12.34,0.0181,Medium
C0194,2024-10,35.15,61.52,3.33,11.51,0.051,Medium
C0194,2024-11,32.82,55.37,11.81,6.18,0.0691,Medium
C0194,2024-12,51.55,45.5,2.95,13.39,0.0475,Medium
C0195,2024-01,55.4,34.79,9.81,12.14,0.0437,Medium
C0195,2024-02,31.18,66.63,2.19,7.07,0.0951,Medium
C0195,2024-03,49.48,41.15,9.37,10.98,0.0649,Medium
C0195,2024-04,57.74,35.09,7.17,11.62,0.0499,Medium
C0195,2024-05,53.4,34.41,12.19,10.67,0.0613,Medium
C0195,2024-06,56.66,38.22,5.12,8.52,0.0908,Medium
C0195,2024-07,31.6,56.06,12.34,9.75,0.0392,Medium
C0195,2024-08,57.04,30.12,12.84,10.98,0.0495,Medium
C0195,2024-09,48.48,43.35,8.17,9.52,0.0123,Medium
C0195,2024-10,44.94,47.11,7.95,10.67,0.0316,Medium
C0195,2024-11,34.2,57.13,8.67,8.18,0.0473,Medium
C0195,2024-12,48.8,39.74,11.46,12.11,0.1227,Medium
C0196,2024-01,41.63,51.48,6.89,11.76,0.1014,Medium
C0196,2024-02,56.24,39.54,4.22,7.23,0.0628,Medium
C0196,2024-03,48.91,45.17,5.92,6.17,0.0567,Medium
C0196,2024-04,57.88,30.79,11.33,12.86,0.0868,Medium
C0196,2024-05,36.05,58.91,5.04,10.69,0.037,Medium
C0196,2024-06,39.64,56.28,4.08,7.85,0.0336,Medium
C0196,2024-07,53.66,42.17,4.17,6.26,0.0661,Medium
C0196,2024-08,39.94,56.52,3.54,11.13,0.0563,Medium
C0196,2024-09,57.19,30.62,12.19,11.6,0.0884,Medium
C0196,2024-10,32.73,56.44,10.83,12.53,-0.0128,Medium
C0196,2024-11,58.95,35.66,5.39,6.17,0.0995,Medium
C0196,2024-12,53.71,41.77,4.52,8.36,0.0723,Medium
C0197,2024-01,39.91,46.9,13.19,10.26,0.0768,Medium
C0197,2024-02,53.2,40.48,6.32,13.48,0.1181,Medium
C0197,2024-03,38.24,52.66,9.1,7.93,0.0128,Medium
C0197,2024-04,38.0,47.43,14.57,7.44,0.0605,Medium
C0197,2024-05,53.62,31.59,14.79,6.18,0.0551,Medium
C0197,2024-06,31.21,61.55,7.24,14.42,0.0909,Medium
C0197,2024-07,30.36,60.0,9.64,10.51,0.0931,Medium
C0197,2024-08,50.07,35.68,14.25,13.41,0.1189,Medium
C0197,2024-09,31.26,60.62,8.12,9.58,0.0416,Medium
C0197,2024-10,41.53,50.85,7.62,14.81,-0.0234,Medium
C0197,2024-11,32.66,53.35,13.99,10.32,0.0974,Medium
C0197,2024-12,40.81,51.59,7.6,9.69,0.0716,Medium
C0198,2024-01,57.76,29.46,12.78,6.98,0.0706,Medium
C0198,2024-02,32.96,56.99,10.05,7.29,0.038,Medium
C0198,2024-03,45.68,52.23,2.09,8.85,0.0505,Medium
C0198,2024-04,59.35,27.29,13.36,9.23,0.1318,Medium
C0198,2024-05,31.37,55.64,12.99,14.2,0.0526,Medium
C0198,2024-06,59.94,34.7,5.36,12.52,0.073,Medium
C0198,2024-07,57.24,37.7,5.06,14.17,0.069,Medium
C0198,2024-08,45.97,45.82,8.21,8.01,0.0577,Medium
C0198,2024-09,51.17,44.35,4.48,10.98,0.0447,Medium
C0198,2024-10,36.98,54.63,8.39,13.85,-0.003,Medium
C0198,2024-11,51.36,39.1,9.54,6.8,0.0492,Medium
C0198,2024-12,53.59,41.16,5.25,9.75,0.0781,Medium
C0199,2024-01,55.76,40.59,3.65,11.09,0.0768,Medium
C0199,2024-02,57.15,35.2,7.65,10.39,0.044,Medium
C0199,2024-03,57.83,33.4,8.77,10.39,0.1239,Medium
C0199,2024-04,33.21,54.12,12.67,9.92,0.0833,Medium
C0199,2024-05,32.17,55.61,12.22,9.39,0.0681,Medium
C0199,2024-06,56.4,30.06,13.54,14.62,0.0401,Medium
C0199,2024-07,56.03,41.94,2.03,9.42,0.0471,Medium
C0199,2024-08,48.05,42.07,9.88,9.29,0.0971,Medium
C0199,2024-09,57.14,34.32,8.54,10.18,0.0688,Medium
C0199,2024-10,35.35,55.98,8.67,13.33,0.0637,Medium
C0199,2024-11,53.31,34.44,12.25,12.37,0.0938,Medium
C0199,2024-12,56.81,38.67,4.52,7.17,0.055,Medium
C0200,2024-01,70.4,1.74,27.86,27.95,0.2745,High
C0200,2024-02,59.09,29.89,11.02,25.42,0.1183,High
C0200,2024-03,57.69,19.36,22.95,21.05,0.0045,High
C0200,2024-04,49.75,37.07,13.18,15.52,0.0692,High
C0200,2024-05,74.06,12.88,13.06,16.85,0.1702,High
C0200,2024-06,45.39,28.74,25.87,26.13,0.1953,High
C0200,2024-07,48.31,35.92,15.77,28.88,0.12,High
C0200,2024-08,42.87,38.76,18.37,22.07,0.1325,High
C0200,2024-09,46.56,34.48,18.96,22.82,0.1513,High
C0200,2024-10,69.42,14.11,16.47,27.1,0.0296,High
C0200,2024-11,43.63,29.62,26.75,14.75,0.0941,High
C0200,2024-12,56.52,15.32,28.16,18.54,0.0546,High
